,id,page_id,url,head,category,date,tags,text,summary,hashtags,keywords
1,2,18,https://www.tgju.org/news/2638144/%D8%AA%D8%AD%D9%84%DB%8C%D9%84-%D9%88-%D9%BE%DB%8C%D8%B4-%D8%A8%DB%8C%D9%86%DB%8C-%D9%82%DB%8C%D9%85%D8%AA-%D8%A8%DB%8C%D8%AA-%DA%A9%D9%88%DB%8C%D9%86-25-%D8%AA%DB%8C%D8%B1,تحلیل و پیش‌بینی قیمت بیت‌کوین؛ 25 تیر,اخبار ارزهای دیجیتال,یکشنبه 25 تیر 1402,"['بیت\u200cکوین', 'سطح حمایت', 'سطح مقاومت', 'ریپل', 'ارزهای دیجیتال', 'بانک آو امریکا', 'کوین بیس', 'شاخص قدرت نسبی', 'اندیکاتور مکدی', 'میانگین متحرک نمایی', 'تحلیل تکنیکال', 'اخبار ویژه', 'خبر یک']",شبکه اطلاع‌رسانی طلا ارز کریپتونیوز قیمتبیت کوین محدوده گرفتار توانایی صعود سطوح بالا طرف قیمت بیت کوین حوالی منطقه دلار حمایت بیت کوین کماکان حوالی دلار نوسان تازگی کاربر کوین بیس خبر دادهاست حساب بانک توسط بنک امریکا بزرگ بانک ایالات‌متحده مسدود شدهاست مسئول بانک دلیل مسدود حساب کاربر انجام تراکنش‌هاش بیت کوین عنوان کرد مسئله توجه جامعه کریپتو چال بالقوه جلب کردهاست بانک نهاد سن کاربرانارزهای دیجیتالایجاد سویی تحولات پرونده حقوق ریپل حکم تازه قاضی پرونده مبنی مجاز معاملاتریپل صراف انتقاد شدید نهاد نظارتی ایالات‌متحده شدهاست به‌رغم آن‌که حکم تازه دادگاه پیروزی نسبی جزئی تلقی اتفاق شدهاست قیمت ریپل بالا سنت صعود بالا سطح کلیدی باقی ماند تاثیر تحولات بیت کوین موقتی انتشار خبر قیمت بیت کوین توانست سقف سالانه تازه ایجاد نهایت محدوده سابق بازگشت آن‌جایی حمایت بیت کوین سطح دلار انجام سرمایه‌گذار هدف بعد حرکت قیمت ارز دیجیتال کنجکاو بیت کوین ناتو غلبه سطح مقاومت کلیدی دلار پولبک توجه سطح دلار مانع جدید صعود بیت کوین بالا دلار تشکیل شدهاست حاضر بیت کوین حوالی دلار نوسان قیمت بیت کوین حوالی دلار حمایت حمایت توسط صعود تقویت شدهاست بسته کندل قیمت بیت کوین بالا نشان‌دهنده تداوم احساسات صعود بازار سطح مقاومتی حوالی دلار تشکیل شدهاست حرکت صعود بیت‌کوین چالش کشید همان‌طور گفتهشد سطح دلار عنوان نزدیک کلید سطح حمایت بیت کوین شناختهمی‌شود صورت شکسته سطح حمایت قیمت بیت کوین سطح دلار کاهش خواهدیافت شاخص قدرت نسبی اندیکاتور مکدی میانگین متحرک نمایی روزه همگی نشان‌دهنده احساسات نزول بازار حاضر میانگین متحرک نمایی روزه منطبق منطقه دلار عنوان سطح مقاومت قدرتمند عمل همان‌طور گفتهشد شکسته سطح حمایت دلار قیمت بیت کوین سطح دلار کاهش صورت تداوم مومنتوم نزول بازار قیمت بیت کوین سطح دلار سقوط مقابل عبور قیمت بیت کوین سطح دلار مسیر صعود هموار قیمت سطوح دلار دلار افزایش معامله‌گر سرمایه‌گذار ناحیه دلار دقت داشتهباشند سطح دلار منطقه کلیدی سرنوشت صعود نزول بیت کوین رقم زد اساس داده کوین مارکت هم‌اکنون لحظه نگارش مطلب حوالی ساعت روز یک‌شنبه جولای تیر بیت کوین درصد کاهش روز گذشته قیمت معامله ظرف بیست ساعت گذشته قیمت بیت کوین محدوده دلار سقف دلار نوسان بودهاست حجم معاملات بیست ساعته بیت کوین درصد کاهش رقم دلار رسیدهاست سویی ارزش بیت کوین برابراتریوم درصد افزایش یافتهاست نرخ تسلط بیت کوین بازار درصد افزایش درصد رسیدهاست,اقدام تازه‌ی بنک‌ آو امریکا و تحولات اخیر در پرونده‌ی حقوقی ریپل بر قیمت بیت کوین تاثیرگذار بوده‌اند. مسیر حرکت بعدی بیت کوین به کدام جهت خواهد بود؟,"['بیت\u200cکوین', 'سطح حمایت', 'سطح مقاومت', 'ریپل', 'ارزهای دیجیتال', 'بانک آو امریکا', 'کوین بیس', 'شاخص قدرت نسبی', 'اندیکاتور مکدی', 'میانگین متحرک نمایی', 'تحلیل تکنیکال', 'اخبار ویژه', 'خبر یک']","['کوین', 'دلار', 'بیت', 'سطح', 'قیمت']"
2,3,19,https://www.tgju.org/news/2638096/2-49,خرس‌های طلا در کمین!,اخبار طلا و سکه,یکشنبه 25 تیر 1402,"['بهای طلا', 'بهای نقره', 'بازار طلا', 'نرخ بهره', 'افزایش نرخ بهره', 'سیاست پولی', 'شاخص قیمت مصرف کننده', 'تورم', 'اخبار ویژه', 'خبر دو']",شبکه اطلاع‌رسانی طلا ارز کیتکونیوز تورم ضعیف هفته بازارطلارا بالا سطح هفته رساندهاست بررسی بازار فلزات گرانبها گواه قیمت‌ها ثابت بالا دلار اونس باقی ماند برانگیخته‌شدن دوباره گرایش صعود احساسات دلایل محتاط‌بودن سطوح سیاست‌های پول فدرال رزرو عنوان برجسته نیرو محرکه بازار باقی ماندهاست طلا مشکلات خلاص یافت معرض حمله خرس قرار بله آمار هفته گذشته حاکی کاهش انتظار قیمت‌های مصرف‌کننده مقیاس سالانه درصد افزایش یافتهاست پایین افزایش سالانه ماه مارس تلقی تورم اصل ماه گذشته درصد افزایش خبر مصرف‌کنندگان تورم قطعا مسیر درس ارقام سطوح بالا قرار بدان معناست فدرال رزرو احتمالا آماده اعلام پیروزی نبرد قیمت‌های مصرف‌کننده بالا بدیهی پایان نزدیک حاضر بازار جان تازه گرفت طلا دارایی استراتژیک باقی می‌مانداما سرمایه‌گذار حاشیه بهای طلا راست مثبت دلار قرار ناگفته ماند راه شکستن موجود گفته تحلیلگر بازار طلا سیگنال روشن فدرال رزرو وضوح بازگشت سرمایه‌گذار بازار افزایش نرخ بهره انجام طلا جواب نقرهفلزی توجه هفته جلب کردهاست قیمت‌ها روز جمعه بالا دلار اونس بستهشد قیمت نقره هفته درصد دلار افزایش بیانگر عملکرد هفتگی اواسط مارس مسلم نزدیک‌شدن فدرال رزرو نرخ اوج نقره انتظارات سیاست پول منتفع تحلیلگر باورند باد مخالف دوگانه نقره فروکش‌کردن محیط سیاست پول تهاجمی اقتصاد نسبتا انعطاف‌پذیر بودهاست کاربرد صنعتی نقره حمایت قرار تحلیلگر فدرال رزرو توانست سامانی اوضاع داد فرود نرمی دست نقره قطعأ طلا عمل خواهدکرد نیک شیلز استراتژیست فلزات مرور چشم‌انداز فلزات گرانبها برهه زمان ریسک صعود نامتقارن نقره وابسته مشارکت دوباره سرمایه‌گذار بازگشت خرید اقدام مجدد چین ذخیره‌سازی فلزات حرکت قیمتدلار آمریکاپس توقف فدرال رزرو گرایش انتظارات کاهش متوالی نرخ عوامل تأثیرگذار قلمداد این موضوع سرمایه‌گذار تأکید سال جهان اهداف نقره نقش انرژی تجدیدپذیر نهایت گرچه تحلیلگر آینده روشن نقره باور شک باد مخالف پیرامون فدرال رزرو رفت تحلیلگر کالا درتی‌دی سکیورتیز سرمایه‌گذار هشدار حرکت شکست نقره بازار صعود مستمر ماه پایدار خواهدماند,گرچه طلا قیمت‌های طلا در هفته‌های اخیر رشد داشته، اما هنوز خطرات نزولی پیرامون طلا به پایان نرسیده است.,"['بهای طلا', 'بهای نقره', 'بازار طلا', 'نرخ بهره', 'افزایش نرخ بهره', 'سیاست پولی', 'شاخص قیمت مصرف کننده', 'تورم', 'اخبار ویژه', 'خبر دو']","['نقره', 'طلا', 'فدرال', 'رزرو', 'بازار']"
3,4,21,https://www.tgju.org/news/2638081/%DA%86%D8%B4%D9%85-%D8%A7%D9%86%D8%AF%D8%A7%D8%B2-%D8%A8%DB%8C%D8%AA-%DA%A9%D9%88%DB%8C%D9%86-%D8%AA%D8%A7-%D9%BE%D8%A7%DB%8C%D8%A7%D9%86-%D9%85%D8%A7%D9%87-%D8%AC%D9%88%D9%84%D8%A7%DB%8C,چشم‌انداز بیت کوین تا پایان ماه جولای,اخبار ارزهای دیجیتال,یکشنبه 25 تیر 1402,"['ریپل', 'بیت کوین', 'اتریوم', 'ارزهای دیجیتال', 'اصلاح قیمت', 'دادگاه', 'کمیسیون بورس و اوراق بهادار آمریکا', 'ارزش کل بازار کریپتو', 'میزان تورم', 'اخبار ویژه', 'خبر دو']",شبکه اطلاع‌رسانی طلا ارز بیت‌کوین‌دات‌کام گذشت هفته ماه جولای بازار کریپتو پرتلاطم بلاتکلیف روز پنج‌شنبه جولای تیر اتفاق بازار کریپتو نوسان‌ها بلاتکلیف دامن قاضی پرونده شکایت کمیسیون بورس اوراق بهادار آمریکا شرکت ریپل سرانجام حکم معاملاتریپل صراف عنوان معاملات اوراق بهادار تلقی شد حکم قیمت ریپل حوالی سنت افزایش قیمتبیت کوین بالا سطح چهارده ماه رساند قیمتاتریوم تاثیر تحولات بالا دلار صعود رهبر بازارارزهای دیجیتالبه سرعت محدوده قیمت بازگشتند ریپل اصلاح قیمت نیمی مسیر صعود عقب بازگشته وضعیت کنون بازارپیش اتفاقات پنج‌شنبه‌بازار ارز دیجیتال فاز تثبیت قرار قیمت‌ها آغاز ماه چند تجربه نکردهبودند هفته گذشته معامله‌گر منتظر انتشار داده اقتصاد مشاهده پیامد آن بازار کریپتو آمار میزان مشاغل غیرکشاورزی ایالات‌متحده کمتر انتظار مقابل میزان تورم کاهش‌یافته پایین سطح سال رسیدهاست معامله‌گر وضعیت بلاتکلیف برد نمی‌توان احساسات غالب بازار تشخیص بیت کوین موفق عبور محکم دلار شد سویی خرس توانست قیمت سطح دلار رساند چشم‌انداز ماه جولایبیت کوین روز پنج‌شنبه صعود سطح دلار سقف سالانه ماه شاهد صعود قیمت سطح بود همان‌طور گفتهشد انتشار اخبار تحولات مثبت پرونده حقوق ریپل قیمت بیت کوین توانست سطح دلار بردارد بالا سطح چهارده ماه رسید گاو توانست سطح حفظ هم‌اکنون بیت کوین حوالی دلار ایستادهاست نگاه نمودار بیت کوین یافت قیمت پادشاه ارز دیجیتال محدوده باریک باقی ماندهاست شاخص قدرت نسبی هفته حوالی قرار شاخص قدرت نسبی سطح باقی ماند گاو احتمالا قادر خواهندبود سطوح مقاومت شکسته ظرف هفته آینده قیمت بیت کوین سطح دلار افزایش,قیمت بیت‌کوین تحت تاثیر تحولات اخیر در پرونده‌ حقوقی ریپل و برخی داده‌های اقتصادی در آمریکا دچار نوسان شد. چشم‌انداز آن تا پایان ماه جولای چگونه خواهد بود؟,"['ریپل', 'بیت کوین', 'اتریوم', 'ارزهای دیجیتال', 'اصلاح قیمت', 'دادگاه', 'کمیسیون بورس و اوراق بهادار آمریکا', 'ارزش کل بازار کریپتو', 'میزان تورم', 'اخبار ویژه', 'خبر دو']","['سطح', 'قیمت', 'کوین', 'دلار', 'ماه']"
4,5,23,https://www.tgju.org/news/2638059/%D8%A2%DB%8C%D8%A7-%D8%A7%DA%A9%D9%86%D9%88%D9%86-%D9%88%D9%82%D8%AA-%D8%AE%D8%B1%DB%8C%D8%AF-%D8%B1%DB%8C%D9%BE%D9%84-%D8%A7%D8%B3%D8%AA,آیا اکنون وقت خرید ریپل است؟,اخبار ارزهای دیجیتال,یکشنبه 25 تیر 1402,"['ریپل', 'کمیسیون بورس و اوراق بهادار آمریکا', 'دادگاه', 'ارزهای دیجیتال با پشتوانه طلا', 'بیت\u200cکوین', 'اتریوم', 'حجم معاملات', 'سطح حمایت', 'سطح مقاومت', 'فیبوناچی', 'تحلیل تکنیکال', 'اخبار ویژه', 'خبر دو']",شبکه اطلاع‌رسانی طلا ارز کوین‌پدیا کمیسیون بورس اوراق بهادار ایالات‌متحده دسامبر طرح شکایتی شرکت ریپل لبز متهم عرضه فروش اوراق بهادار ثبت‌نشده شرکت مبارزه حقوق بلندمدت آغاز اخیرا پیروزی جزئی نسبی دست آنالیزا تورس قاضی دادگاه منطقه ایالات‌متحده جولای تیر حکم صور توکنریپل صورت عمو فروش رسید جزء اوراق بهادار انتشار خبر موج شادی هیجان سرمایه‌گذار دارندگان ریپل ایجاد افزایش قابل‌توجه قیمت پیروزی جزئی کمیسیون بورس اوراق بهادار آمریکا شدهاست تحلیلگر سرمایه‌گذار بیفتند خرید ریپل شرایط کنون کار درس خیر این‌که حکم دادگاه ریپل دارندگان دلگرم‌کننده بودهاست کارشناس حقوق بازارارزهای دیجیتالنسبت شادی زودهنگام خرید هیجانی هشدار داد استفان پالی شرکا شرکت حقوقیبراون رودنیک تاکید پیروزی شرکت ریپل دادگاه واقعا نسبی جزئی بودهاست اعتقاد حکم ایجاد رویه قانون حکم دادگاه حالت صرفا بینش تاثیرگذاری قضات پرونده حقوق بازار کریپتو فراهم تحلیلگر کارشناس سرمایه‌گذار توصیه احتیاط سرمایه‌گذار هیجانی سقف قیمت خوددار بازگشت ناگهانی قیمت اتفاق قطعا منجر زیان توجه خواهدشد اعتقاد تحلیلگر سرمایه‌گذار ریپل هنگامی سودآور خواهدبود نشانه پیروزی قطع ریپل کمیسیون بورس اوراق بهادار مشاهده اساس داده کوین مارکت هم‌اکنون لحظه نگارش مطلب حوالی ساعت صبح روز یک‌شنبه آوریل تیر ریپل درصد کاهش روز گذشته قیمت دلار معامله حجم معاملات بیست ساعته ریپل درصد کاهش رقم دلار رسیدهاست ارزش ریپل برابربیت کوین واتریوم دلار کاهش یافتهاست نتایج تحلیل تکنیکال نشان چنان‌چه قیمت ریپل افزایش‌یافته بالا سطح دلار رسید جایگاه گاو تقویت‌شده نتیجه سقوط قیمت کانال نزول جلوگیری خواهدشد احتمال صورت افزایش قیمت سطح دلار شاهد اقدام معامله‌گر جمع‌آوری سود افزایش فشار فروش بازار بود سویی قیمت ریپل سطح دلار باقی ماند سطح دلار تست شکسته سطح حمایت احتمالا سقوط قیمت سطح فیبوناچی اصلاحی درصدی خواهدشد صورت صعود بعد ریپل تاخیر خواهدافتاد,با انتشار خبری مبنی بر صدور یک حکم مطلوب برای ریپل در دادگاه، قیمت آن به شدت افزایش یافت و سپس دچار اصلاح شد. آیا اکنون وقت خرید ریپل است؟,"['ریپل', 'کمیسیون بورس و اوراق بهادار آمریکا', 'دادگاه', 'ارزهای دیجیتال با پشتوانه طلا', 'بیت\u200cکوین', 'اتریوم', 'حجم معاملات', 'سطح حمایت', 'سطح مقاومت', 'فیبوناچی', 'تحلیل تکنیکال', 'اخبار ویژه', 'خبر دو']","['ریپل', 'قیمت', 'دلار', 'سطح', 'اوراق']"
24,29,46,https://www.tgju.org/news/2638192/%D9%86%D9%87%D9%86%DA%AF-%D9%87%D8%A7-%D8%AF%D8%B1-%D8%AD%D8%A7%D9%84-%D9%81%D8%B1%D9%88%D8%B4-%D8%A7%D8%AA%D8%B1%DB%8C%D9%88%D9%85,نهنگ‌ها در حال فروش اتریوم!,اخبار ارزهای دیجیتال,یکشنبه 25 تیر 1402,"['اتریوم', 'نهنگ', 'ریپل', 'کمیسیون بورس و اوراق بهادار آمریکا', 'دادگاه', 'قیمت ریپل', 'ارز دیجیتال', 'بازار کریپتو', 'التکوین', 'صرافی', 'بیت\u200cکوین', 'اخبار ویژه']",شبکه اطلاع‌رسانی طلا ارز یوتودی داده نشان نهنگ‌هایاتریوم شکل توجه فروش دارا تراکنش‌های ساعت نهنگ اتریوم ارزش تقریب میلیون دلار قیمت دلار ازا واحد فروش رساند نکته قابل‌توجه نهنگ اتریوم ژانویه قیمت واحد دلار مجموعا مبلغ میلیون دلار خریدار کردهبود نهنگ فروش اتریوم‌های تقریبا میلیون دلار سود کردهاست الگو فروش نهنگ اتریوم احتمالا حرکت استراتژیک بهره‌مندی فرصت حاصل افزایش قیمت اینارز دیجیتالایجاد شدهباشد همان‌طور گزارش‌های قبل اشاره قاضی دادگاه رسیدگی پرونده شکایت کمیسیون بورس اوراق بهادار آمریکا شرکت ریپل سرانجام حکم صراف آمریکایی می‌توانندریپل فهرست معاملاتی قرار پیروزی نسبی ریپل بازار کریپتو تلقی این‌که تصمیم دادگاه انتقاد شدید نهاد نظارتی فرصت اعتراض این‌که معاملات ریپل توسط شرک موسسات مالی زمره معاملات اوراق بهادار قرار گرفتهاست تحولات مثبت تاثیر توجه احساسات بازار ارز دیجیتال افزایش قیمت التکوین‌ها تصمیم دادگاه قیمت اتریوم بالا دلار افزایش اتفاق فرصتی جذاب نهنگ اتریوم ایجاد توانست دارا قیمت‌های پایین خریدار کردهبودند سود توجه فروش رساند مسئله احتمالا بازگشت قیمت اتریوم ارز دیجیتال سطوح پایین ارز دیجیتالی ریپل توانستهاست نیمی دستاورد صعود حفظ ناگهانی قیمت ارز دیجیتال کاهش متعاقب تاثیر قابل‌توجه فعالیت نهنگ بازار کریپتو ثابت کردهاست سرمایه‌گذار بازار ظاهر غیرمتمرکز کریپتو مستقیما نوسان‌های قیمت تاثیرگذار اساس داده کوین مارکت هم‌اکنون لحظه نگارش مطلب حوالی ساعت روز یک‌شنبه جولای تیر اتریوم درصد کاهش روز گذشته قیمت دلار معامله حجم معاملات بیست ساعته اتریوم درصد کاهش رقم دلار رسیدهاست ارزش اتریوم برابربیت کوین درصد کاهش یافتهاست,"داده‌های بازار نشان می‌دهند، علی‌رغم صعود موقتی اتریوم به بالای 2,000 دلار، احساسات بازار هنوز صعودی نیست و نهنگ‌ها در حال فروش اتریوم هستند.","['اتریوم', 'نهنگ', 'ریپل', 'کمیسیون بورس و اوراق بهادار آمریکا', 'دادگاه', 'قیمت ریپل', 'ارز دیجیتال', 'بازار کریپتو', 'التکوین', 'صرافی', 'بیت\u200cکوین', 'اخبار ویژه']","['اتریوم', 'قیمت', 'دلار', 'نهنگ', 'ارز']"
25,30,50,https://www.tgju.org/news/2638164/%D8%AA%D8%AD%D9%84%DB%8C%D9%84-%D9%88-%D9%BE%DB%8C%D8%B4-%D8%A8%DB%8C%D9%86%DB%8C-%D9%82%DB%8C%D9%85%D8%AA-%D8%B1%DB%8C%D9%BE%D9%84-25-%D8%AA%DB%8C%D8%B1,تحلیل و پیش‌بینی قیمت ریپل؛ 25 تیر,اخبار ارزهای دیجیتال,یکشنبه 25 تیر 1402,"['بیت\u200cکوین', 'ریپل', 'ارزهای دیجیتال', 'بلک راک', 'فیدلیتی', 'صندوق قابل معامله در بورس', 'التکوین', 'لایتکوین', 'پالیگان', 'شاخصقدرت نسبی', 'اخبار ویژه']",شبکه اطلاع‌رسانی طلا ارز کوین‌پدیا قیمتبیت کوین سایرارزهای دیجیتالچند هفته لطف موج صعود حاصل درخواست غول مالی آمریکا بلک راک فیدل راه‌اندازی صندوق معامله نقد بیت کوین بورس شدت افزایش دلیل تسلط بیت‌کوین بازار کریپتو سرانجام سکون درصد گذشت کوتاه بازار ثبات قیمت ارز دیجیتال برتر محدوده سابق بازگشتند اتفاق رقم خورد ایجاد سقف سالانه تازه قیمت ارز دیجیتال قاضی دادگاه رسیدگی شکایت کمیسیون بورس اوراق بهادار شرکت ریپل سرانجام حکم کهریپل صراف آمریکا فهرست مسئله افزایش ناگهانی قیمت بیت کوین التکوین‌ها بیت کوین سرعت محدوده سابق بازگشت ریپل التکوین‌ها دستاورد صعود دست نرخ تسلط بیت کوین کاهش نرخ تسلط بیت کوین درصد رسیدهاست افزایش ناگهانی قیمت التکوین‌ها منجر کاهش موقت سلطه بیت کوین بازار سطح درصد رساند تحولات بازار ریپل معامله‌گر سرمایه‌گذار جلب کردهاست آن خواست دانست قیمت التکوین هفته جهت حرکت خواهدکرد هفته حیاتی بازار التکوین‌هاکاهش تسلط بیت کوین بازار انتظارات جامعه کریپتو آغاز فصل التکوین‌ها همراه شدهاست التکوین‌ها تاثیر اقدامات کمیسیون بورس اوراق بهادار آمریکا ماه گذشته شدت ریزش قیمت شدهبودند افزایش رقمی قیمت‌های تجربه تحولات بازار کریپتو افزایش تمرکز سرمایه‌گذار التکوین‌هایی ریپل لا کوین وپالیگان شدهاست جامعه کریپتو هفته حرکات التکوین‌ها شدت قرار خواهدداد تحلیل قیمت ریپل افزایش خیره‌کننده قیمت ریپل حوالی سطح سنت سرمایه‌گذار معامله‌گر فرصت استفاده سود نقد مسئله افزایش شدید فشار فروش بازار ریپل بازگشت قیمت سطح سنت اساس نتایج تحلیل نمودار ساعته قیمت ریپل خرس حاضر تلاش میانگین متحرک نمایی دوره کشاند شاخص قدرت نسبی کاهش‌یافته خروج منطقه اشباع خرید مسئله نشان گاو کنترل بازار دست خرس زود قدرت دست گرفت شکسته منطقه مقاومت دلار افزایش فشار خرید خواهدداشت اتفاق ظرف هفته قیمت ریپل سطح دلار افزایش قیمت دلار کاهش خرس تسلط بازار تقویت قیمت ریپل سطح دلار کاهش اساس داده کوین مارکت هم‌اکنون لحظه نگارش مطلب حوالی ساعت روز یک‌شنبه جولای تیر ریپل درصد افزایش روز گذشته قیمت دلار معامله حجم معاملات بیست ساعته ریپل درصد کاهش رقم دلار رسیدهاست ارزش ریپل بیت کوین واتریوم درصد افزایش یافتهاست ارزش بازار ریپل حاضر دلار رسیدهاست فهرست بزرگ ارز دیجیتال ارزش بازار سایت کوین مارکت ریپل جایگاه پنجم قرار,پس از پیروزی نسبی ریپل در دادگاه،‌ قیمت آن به شدت افزایش یافت. ولی اکنون مومنتوم صعودی آن کاهش یافته و در بالای سطح 70 سنت به تثبیت رسیده است.,"['بیت\u200cکوین', 'ریپل', 'ارزهای دیجیتال', 'بلک راک', 'فیدلیتی', 'صندوق قابل معامله در بورس', 'التکوین', 'لایتکوین', 'پالیگان', 'شاخصقدرت نسبی', 'اخبار ویژه']","['ریپل', 'قیمت', 'کوین', 'بازار', 'افزایش']"
26,31,54,https://www.tgju.org/news/2638150/33,طلا، ناکام در صعود,اخبار طلا و سکه,یکشنبه 25 تیر 1402,"['دلار آمریکا', 'بهای طلا', 'حرکت قیمت', 'ارقام خرده\u200cفروشی', 'تولید ناخالص داخلی', 'سیاست پولی', 'مطالبات بیکاری', 'دوره خاموشی', 'اخبار ویژه', 'تحلیل تکنیکال']",شبکه اطلاع‌رسانی طلا ارز سایت اف‌ایکس استریت یادداشتی تحلیل بررسی رویداد هفته گذشته بازار فلزات گرانبها پرداخت پیرامون چشم‌انداز نوسانات آتی طلا اینگونه نوشت بهایطلادر هفته سایه کاهش شدید بازده اوراق قرضه خزانه‌دار ایالات‌متحده واکنش سرمایه‌گذار کاهش تورم ایالات‌متحده شکست صعود تکمیل گفتن مادامی طلا بالا دلار باقی ماند باتوجه فدرال رزرو دوره خاموشی هفته آتی عرصه خریدار تکنیکال فراهم خواهدبود هفته گذشته اتفاق افتاد دنبال فروش گسترده گزارش شغل ترکیب ژوئن روز جمعه مشاهده دلار آمریکا آغاز هفته تلاش یافتن تقاضا کار بست نظرسنجی ماهانه بانک فدرال رزرو نیویورک انتظارات مصرف‌کنندگان حاکی انتظارات تور ساله مصرف‌کنندگان آوریل درصد ماه درصد ژوئن پایین سطح آوریل تلقی موضوع بازده آمریکا سطح پایین قرار گرفت طلا اجازه روز قلمرو مثبت پایان رساند افزون بازده اوراق قرضه ساله ایالات‌متحده روز شنبه درصد کاهش طلا کمک بهبود امتداد اداره آمار کار ایالات‌متحده روز چهارشن تورم ایالات‌متحده ارقام اندازه‌گیری مقیاس سالانه درصد ماه درصد ژوئن کاهش افزون تورم اصل قیمت‌های بی‌ثبات انرژی مواد غذا حذف درصد درصد کاهش صورت ماهانه هسته میزان کمتری پیش‌بینی‌ها درصد افزایش یافت چشم‌انداز ارزی دلار فشار شدید نزول قرار بازده ساله ایالات‌متحده انتشار داده تورم درصد دست گفتن سناریو شرایط اتفاق افتاد سرمایه‌گذار ارزیاب مجدد چشم‌انداز نرخ بهره فدرال رزرو نتیجه قیمت طلا رالی بالا هفته دلار امتداد تداوم چرخش جفت‌ارزهای طلا پوند طلا یورو نزول نشان داد خروج سرمایه دلار آمریکا طلا سمتیورووپونداسترلینگ حرکت کردهاست طلا ضعف مستمر دلار سود برد اساس گزارش ابزار گروه فدرال رزرو احتمال افزایش نرخ بهره بانک توسط فدرال رزرو میزان واحد پایه دسامبر افزایش واحد ژوئیه درصد درصد کاهش ناگفته ماند عقیده انتشار گزارش اتفاق افتاد نهایت گزارش دانشگاه میشیگان شاخص اعتماد مصرف‌کننده اوایل جولای بهبود میزان انتظار بازار داده صعود طلا محدود دلار کمک جایگاه حفظ انتظار رویداد هفته بود حوزه گزارش‌های کلیدی داده خرده‌فروشی تولید ناخالص داخل سه‌ماهه ماه ژوئن چین روز دوشنبه کانون توجه فعال بازار خواهدبود گفتن اقتصاد چین ماهه قوی دوره رکود پساکووید پرتو بازگشایی اقتصاد تقویت شدهبود هم‌اکنون تحرک پویایی دست دادهاست بانک خلق چین اقدامات متعدد جمله کاهش نرخ سیاستی انجام اقتصاد مسیر بازیابی جایگاه کمک پیش‌بینی تولید ناخالص داخل ماهه رشد درصدی ثبت بیانگر کاهش میزان درصدی ماهه خواهدبود گزارش تولید ناخالص داخل قو انتظار چین عنوان بزرگ مصرف‌کننده طلا جهان فلز زرد امن کمک پشتوانه امیدوار سرمایه‌گذار چشم‌انداز خوش‌بینانه تقاضا روز سه‌شنبه گزارش اقتصاد ایالات‌متحده داده خرده‌فروشی ماه ژوئن ارائه خواهدکرد پیش‌بینی درصدی ماه درصد افزایش داشتهباشد ارقام قوی جهت واکنش فوری تقاضا دلار حمایت روز پنج‌شنبه اطلاعات اولیه هفتگی مطالبات بیکاری منتشر خواهدشد جزو داده کلیدی تلقی نهایت دوره خاموشی فدرال رزرو شنبه ژوئیه آغاز خواهدشد سیاستگذاران زمانی نرخ بهره جولای اعلام شد توانست سیاست پول اظهارنظر داشتهباشند تحولات تکنیکال هدایتگر حرکت قیمت طلا هفته آینده,به دلیل کاهش بازده اوراق قرضه خزانه‌داری و در سایه‌ی تعدیل تورم، طلا در این هفته نتوانست صعود یابد.,"['دلار آمریکا', 'بهای طلا', 'حرکت قیمت', 'ارقام خرده\u200cفروشی', 'تولید ناخالص داخلی', 'سیاست پولی', 'مطالبات بیکاری', 'دوره خاموشی', 'اخبار ویژه', 'تحلیل تکنیکال']","['طلا', 'درصد', 'هفته', 'کاهش', 'دلار']"
27,32,64,https://www.tgju.org/news/2638134/1-36,یورو/دلار و رسیدن به آرامش نسبی,اخبار ارزی,یکشنبه 25 تیر 1402,"['یورو', 'دلار آمریکا', 'نرخ بهره', 'افزایش نرخ بهره', 'جفت\u200cارز', 'سیاست پولی', 'یورو/دلار', 'حرکت اصلاحی', 'جهت نزولی', 'اشباع خرید', 'اخبار ویژه']",شبکه اطلاع‌رسانی طلا ارز اف‌ایکس استریت یورو روز جمعه برابردلار آمریکا مقاومت اولیه منطقه شدهاست می‌رسدیورو دلار ساعات اولیه معاملات آسیایی اوج سطح الی بحبوحه تلاش دلار بهبود نسبی نفس راح کشیدهاست گفتن استدلار آمریکاعلیرغم جهش ضعیف فشار سنگین قرار انگیزه اصل فشار تداوم پیش‌بینی احتمال نزدیک‌شدن فدرال رزرو پایان کارزار انقباض توسط سرمایه‌گذار دیدگاه اخیرا دلیل نشانه کاهش قیمت‌های مصرف‌کننده ایالات‌متحده مستمر نزول قیمت‌های تولیدکننده تقویت شدهاست کریستوفر والر رئیس اواخر روز پنج‌شنبه ضرورت افزایش نرخ سال تأکید اظهارات روایت تندروانه‌ی همکار کمیته مطابقت مسلم واکنش ارقام پایین انتظار تورم ایالات‌متحده ماه ژوئن منجر تقویت انگیزه صعود قوی اینجفت‌ارزشده اولا افزایش انتظار مبنی پایان‌بخشیدن مسیر انقباض فدرال رزرو می‌انجامد ثانیأ تأیید نیرو تعدیل‌کننده تورم اقتصاد ایالات‌متحده جایگاه پایدار ماند هم‌اکنون شرایط اقدامات بالقوه آینده فدرال رزرو بانک مرکزی اروپا منظر عادی‌سازی سیاست‌های پول موضوع بحث کثیر فعال بازار افزایش واحد نرخ توسط بانک مرکزی اروپا فدرال رزرو نشست‌های اواخر ماه پیش‌بینی توجه نگرانی‌ها پیرامون کاهش اقتصاد اقیانوس اطلس تشدید تحلیل تکنیکال یورو نزدیک مغایرت موقت استحرکت قیمت مستمر یورو دلار آمریکا ایده اشاره مستقیم افق کوتاه‌مدت دستاورد انتظار شرایط خرید اشباع جفت فعلی حرکت اصلاحی بالقوه کوتاه‌مدت جفت ژوئیه بالا قیمت سال سطح ثبت گفتن پشت‌سرگذاشتن سطح سقف قیمت فوریه سال لمس سطح مقاومتی مه نخواهدداشت جهت نزول منطقه به‌عنوان حمایت روان‌شناختی ظاهر سطح پایین سطح ژوئیه مغایر موقت‌های روزه روزه رده قرار جهت نزول پایین سطح مارس قیمت ژانویه ظاهر نهایت زمانی جفت بالا کلیدی روزه معامله چشم‌انداز سازنده یورو دلار,در حالی که دلار آمریکا تحت فشار سنگینی قرار دارد، یورو نتوانست از سطح 1.1240 عبور کند؛ یورو/دلار اندکی بهبود یافت.,"['یورو', 'دلار آمریکا', 'نرخ بهره', 'افزایش نرخ بهره', 'جفت\u200cارز', 'سیاست پولی', 'یورو/دلار', 'حرکت اصلاحی', 'جهت نزولی', 'اشباع خرید', 'اخبار ویژه']","['سطح', 'یورو', 'دلار', 'فدرال', 'رزرو']"
30,148,193,https://www.tgju.org/news/2403954/%D8%AF%D8%B1%D8%B3-%DB%B1%DB%B1%DB%B8-%D9%86%D9%88%D8%B3%D8%A7%D9%86-%D9%88%D9%84%D8%B2-%D9%88%D8%A7%DB%8C%D9%84%D8%AF%D8%B1,درس ۱۱۸ : نوسان ولز وایلدر,راهنمای جامع اندیکاتورها,چهارشنبه 25 اسفند 1400,"['اندیکاتور', 'نوسان ولز وایلدر', 'بازگشت', 'روند بازار', 'محدوده واقعی', 'تحلیل تکنیکال']",نوسان ولز وایلدر اندیکاتور هم‌پوشان صرفا نمودار تعاملینوسان ولز وایلدر سیستم دنبال‌کننده‌ی هم‌چنین اندیکاتور سیستم بازگشت واقعی هست معنی توقف وضعیت معکوس بازگشتی هدف اندیکاتور اندازه‌گیری محدوده واقعی زمان ایده اصل اندیکاتور مسئله استوار نوسان رفت محدوده گسترش وضعیت معکوس نقطه بالا نمودار معنی سهام خرس نزول قرار نقطه پایین نمودار نشان‌دهنده گاو صعود قبل امروز شاخص نوسان دوره زمانی واحد یک‌دوره‌ای زمان محدوده واقعی امروزپارامترهای پیش‌فرض نمونه نمودار,در این درس، توضیحات مختصری درباره‌ی نوسان ولز وایلدر و نحوه‌ی محاسبه‌ی آن ارائه می‌شود.,"['اندیکاتور', 'نوسان ولز وایلدر', 'بازگشت', 'روند بازار', 'محدوده واقعی', 'تحلیل تکنیکال']","['اندیکاتور', 'نمودار', 'نوسان', 'واقعی', 'محدوده']"
31,41,80,https://www.tgju.org/news/2638067/1-35,بدترین عملکرد برای دلار,اخبار ارزی,یکشنبه 25 تیر 1402,"['دلار آمریکا', 'ین ژاپن', 'نرخ بهره', 'افزایش نرخ بهره', 'کاهش تورم', 'دلار/یوان', 'دلار/ین', 'یورو', 'دلار استرالیا/دلار آمریکا', 'پوند/دلار', 'جفت ارز دلار/ین', 'اخبار ویژه', 'خبر یک']",شبکه اطلاع‌رسانی طلا ارز اینوستینگ دلار آمریکاروز جمعه معاملات اولیه اروپا افزایش بدین توانست پایین سطح ماهه جهش ساعت وقت شرق شاخص دلار ارزش دلار سبدی ارز دنبال سقوط سطح آوریل درصد افزایش سطح معامله معامله‌گر سایه کاهش تورم پایان چرخه افزایش نرخ فدرال رزرو امید فصل بعد درآمد ماهه دومبرخی مسائل کلیدی نقش راهنما تصمیم‌گیری آتی فدرال رزرو ایفاء انگیزه تفکر فعال میزان تغییرات آتی جمله فصل درآمد ماهه فدرال رزرو فرصت تفکر افزایش مضاعف داد رابطه مستقیمی اظهارنظر مدیر تقاضای فعلی کسب‌وکار مصرف‌کننده چشم‌انداز باقی‌مانده سال دیدگاه جالب توجه بانک قرار فصل گزارش‌دهی سه‌ماهه اواخر جلسه آغاز معامله‌گر عبور آشفتگی حتمی بازار اوایل بهار دنبال هرگونه نشانه بی‌ثباتی خواهندبود بد عملکرد هفتگی دلار هشت ماه گذشتهعلی‌رغم افزایش‌ها دلار هفته درصد کاهش یافتهاست واقع بد عملکرد هفتگی هشت ماه ارز ایالات‌متحده آسیب آمار تور ضعیف انتظار گزارش‌شده توسط ایالات‌متحده قیمت‌های مصرف‌کننده چهارشنبه قیمت‌های تولیدکننده روز پنج‌شنبه دیدگاه مبنی نزدیک‌شدن فدرال رزرو پایان چرخه افزایش نرخ بهره حمایت تحلیلگر یادداشتی نشانه واضح کاهش تورم آمریکا ضعیف‌تر‌شدن دلار ماه اشاره انتظار رفت ماهه سال ظاهر تحلیلگر حرکت‌ها شروع تعدیل کلیدی بازار قلمداد بازار گسترده انتظار افزایش واحد فدرال رزرو اواخر ماه افزایش سال اصل یورو بالا سطح ماه گذشته سقوط کردیورو دلار درصد کاهش جفت ساعاتی کاهش آسیا اوج تازه دست یافتهبود قیمت عمده‌فروشی آلمان معمولا به‌عنوان شاخص اصل تورم قیمت مصرف‌کننده گرفتهمی‌شود مقیاس سالانه ماه ژوئن درصد کاهش رقمی انتظار گفتن توجه تورم آلمان سطح بالا قرار افت شدید خوشحال بانک مرکزی اروپا خواهدشد استرالیا دولت میشل بولاکرا پیشتر معاون رئیس بانک مرکزی عنوان رئیس بانک معرف دلار استرالیا دلار آمریکابا درصد کاهش دلار یوان سری اصلاحات قدرتمند بانک خلق چین درصد کاهش واقع بالا سطح ماهه تلقی پوند دلار درصد کاهش جفت روز پنج‌شنبه آوریل بالا شکستهشد سرزمین آفتاب تابان دلار درصد افزایش ناگفته نماندینبا وصف دلار هفته ژانویه قرار,دلار آمریکا که در پايین‌ترین سطح 15 ماهه‌ی خود قرار داشت، در روز جمعه توانست جهش یابد. شاخص دلار نیز 0.2 درصد افزایش یافت.,"['دلار آمریکا', 'ین ژاپن', 'نرخ بهره', 'افزایش نرخ بهره', 'کاهش تورم', 'دلار/یوان', 'دلار/ین', 'یورو', 'دلار استرالیا/دلار آمریکا', 'پوند/دلار', 'جفت ارز دلار/ین', 'اخبار ویژه', 'خبر یک']","['دلار', 'کاهش', 'افزایش', 'درصد', 'سطح']"
32,155,196,https://www.tgju.org/news/2403953/%D8%AF%D8%B1%D8%B3-117-%D8%B4%D8%A7%D8%AE%D8%B5-%D8%AA%D8%AC%D9%85%DB%8C%D8%B9%DB%8C-%D9%88%D8%A7%DB%8C%D9%84%D8%AF%D8%B1,درس 117 : شاخص تجمیعی وایلدر,راهنمای جامع اندیکاتورها,چهارشنبه 25 اسفند 1400,"['شاخص نوسان تجمیعی وایلدر', 'قیمت بازگشایی', 'نمودار تعاملی', 'سقف/کف', 'قیمت بسته\u200cشدن']",شاخص نوسان تجمیع وایلدرنوع اندیکاتور نمودار تعاملیشاخص نوسان توسط والز وایلدر توسعه اندیکاتور قیمتهای بازگشایی سقف بستهشدن بازار جهت بازار شناسایی نوسانات بازار ستون دوره ایجاد میکند روز نوسان صعود مقادیر قرار میگیرند درحالیکه روز نوسان نزول مقادیر قرار خواهندگرفت محاسبات وایلدر مبتنی عوامل مختلف استفادهشده تعریف شاخص نوسان عامل قیمتها ستون مقایسه میکنند عامل قیمتها ستون فعلی قبل موردمقایسه قرار میدهند قیمت بستهشدن امروز پائین قیمت بازگشایی امروز قیمت بستهشدن امروز پائین قیمت بستهشدن قبل بالا قیمت امروز پائین قیمت بستهشدن قبل پائینترین قیمتهای امروز پائین قیمت بستهشدن قبل قیمتهای بستهشدن قبل پائین قیمت بازگشایی قبل عوامل مقایسه سقف قیمت دوره زمانی ارزیاب تحلیل قرار گرفت آنگاه صورت مقیاس تعریف میشوند روز نوسان صعود مقدار مثبت نشان میدهد روز نوسان نزول مقدار منفی نمایش میدهد فرمولاول مقادیر محاسبهشده متغیر مرحله محاسبه بیشترین موارد بیشترین آنگاه بیشترین آنگاه بیشترین آنگاه نوساننوسان شاخص نوسان تجمیع بزرگ قیمت بستهشدن قیمت سقف قیمت کف مقدار حرکت جهت قیمت بازگشایی متغیر محاسبه مقادیر سقف بستهشدن بازگشایی پارامترحرکت حد جدول حرکت حد کالا مختلف فهرست کردهاست توصیه میشود لیس حرکات کارگزار دریافت مقادیر فرمول محاسبه میشوند کالاحرکت حدقهوه ذرت طلا نفت گرما خوک سویا اوراق قرضه لطفا توجه داشتهباشید مقادیر حرکت شکل اعشار داده تحلیلگر استفاده میکند تنظیم بهعنوان مثال قیمت ذرت دلار ذکر شدهباشد حرکت دلار قیمت دلار ذکر شدهباشد حرکت دلار ابزار حرکت مقدار استفاده دلارپارامترهای پیشفرض نمودار نمونه,در این مطلب، اندیکاتور «شاخص نوسان تجمیعی وایلدر» معرفی شده و به کمک فرمول‌ها و نمودار نمونه، مراحل محاسباتی آن ارائه می‌شود.,"['شاخص نوسان تجمیعی وایلدر', 'قیمت بازگشایی', 'نمودار تعاملی', 'سقف/کف', 'قیمت بسته\u200cشدن']","['قیمت', 'بستهشدن', 'نوسان', 'مقادیر', 'قبل']"
33,49,89,https://www.tgju.org/news/2637931/%D8%A2%DB%8C%D8%A7-%D9%86%D9%82%D8%B1%D9%87-%D8%A7%D8%AD%D8%AA%D9%85%D8%A7%D9%84-%D8%B5%D8%B9%D9%88%D8%AF-%D8%AF%D8%A7%D8%B1%D8%AF,آیا نقره، احتمال صعود دارد؟,اخبار طلا و سکه,شنبه 24 تیر 1402,"['نقره', 'میانگین متحرک نمایی', 'نرخ بهره', 'مهار تورم', 'فشار قیمت', 'فشارهای تورمی', 'شاخص قدرت نسبی', 'اخبار ویژه', 'تحلیل تکنیکال']",شبکه اطلاع‌رسانی طلا ارز اف‌ایکس استریت بهاینقره شرایط فشار فروش احساس تلاش مقاومت حیاتی دلار جلسه معاملاتی لندن شاخص دلار آمریکا افت متوالی روزه نزدیک بازگشت گفتن شاخصدلار آمریکا تلاش بهبود حرکت صعود نقره تدریج قدرت دست این احتمال سوگیری صعود دست‌نخورده خواهدبود شرک آماده گزارش سود ماهه معاملات آتی حرکات متلاطمی تصویر کشید نشانه احتیاط فعال بازار بدان دلیل فدرال رزرو افزایش نرخ بهره زمستان سال گذشته رویکرد تهاجمی ثابت‌قدم انتظار درآمد مختلط شرک داشتهباشد چشم‌انداز دلیل کاهش قیمت بنزین فشار قیمتی اقتصاد ایالات‌متحده کاستهشدهاست هزینه خرید اقلام باارزش کرد جوابگو همه نیاز درآمد واقعی خانوار دلیل فشار تور کاهش یافتهاست آینده داده خرده‌فروشی ماهانه ایالات‌متحده موعد انتشار روز سه‌شنبه کانون توجه سرمایه‌گذار خواهدبود مطابق اتفاق نظر داده اقتصاد مقابل سرعت درصد قبل سرعت درصد گسترش تحلیل تکنیکال نقره استفاده نمودار روزانهبهای نقره مقیاس روزانه شکستی بالا مقاومت افق ترسیم‌شده سقف قیمت ژوئن دلار ایجاد کردهاست سطح هم‌اکنون حمایت شدهاست دارایی نزدیک‌شدن توقف بعد مارس بالا دلار رسیدهاست گفتن میانگین متحرک نمایی دوره شیب صعود سطح دلار گاو نقره حمایت شاخص قدرت نسبی بالا جهش یافتهاست نشانه واگرا علا خرید اشباع منعکس کرد,در حالی که شاخص دلار آمریکا در تلاش برای بهبود روند نزولی قبلی است، نقره به تدریج قدرت خود را از دست می‌دهد.,"['نقره', 'میانگین متحرک نمایی', 'نرخ بهره', 'مهار تورم', 'فشار قیمت', 'فشارهای تورمی', 'شاخص قدرت نسبی', 'اخبار ویژه', 'تحلیل تکنیکال']","['دلار', 'نقره', 'فشار', 'صعود', 'دلیل']"
34,54,94,https://www.tgju.org/news/2637920/%D8%B1%D8%B4%D8%AF-30-%D8%AF%D8%B1%D8%B5%D8%AF%DB%8C-%D8%B3%D9%88%D9%84%D8%A7%D9%86%D8%A7-%D9%86%D8%B3%D8%A8%D8%AA-%D8%A8%D9%87-%D9%87%D9%81%D8%AA%D9%87-%DA%AF%D8%B0%D8%B4%D8%AA%D9%87,رشد 30 درصدی سولانا نسبت به هفته گذشته,اخبار ارزهای دیجیتال,شنبه 24 تیر 1402,"['سولانا', 'شاخص قیمت مصرف\u200cکننده', 'کمیسیون بورس و اوراق بهادار آمریکا', 'بیت کوین', 'ریپل', 'اتریوم', 'کاردانو', 'دوج کوین', 'پالیگان', 'کوین مارکت کپ', 'ارزش کل بازار', 'اخبار ویژه']",شبکه اطلاع‌رسانی طلا ارزبر اساس داده وب‌سایت کوین مارکت هفته گذشته رویداد مه بازار کریپتو اتفاق افتاد انتشار داده شاخص قیمت مصرف‌کننده آمریکا انتشار شاخص احساسات مصرف‌کننده بیت کوین توسط دانشگاه میشیگان آمریکا منتشر مه تاثیرگذارترین اتفاق هفته صدور را دادگاه پرونده حقوق شرکت ریپل کمیسیون بورس اوراق بهادار آمریکا قاضی دادگاه اعلام صراف ایالات‌متحده ریپل فهرست معاملاتی قرار انتشار خبر موج بازارارزهای دیجیتالبه انداخت انفجار قیمتریپل بلکهبیت کوین واتریوم سقف سالانه تازه رساند ارز دیجیتال سولانا کاردانو دوج کوین وپالیگان اندازه توجه قیمت تجربه همان‌طور تحلیلگر معتقدند پیروزی نسبی ریپل حرف حدیث درباره هیجان اولیه خبر فروکش بیت کوین اتریوم محدوده قبل بازگشته‌اند ریپل اصلاح نزول شدهاست اساس داده کوین مارکت هم‌اکنون لحظه نگارش مطلب حوالی ساعت روز شنبه جولای تیر ارزش بازار کریپتو درصد کاهش روز گذشته رقم تریلیون دلار رسیدهاست حجم معاملات بیست ساعته بازار کریپتو درصد کاهش‌یافته میلیارد دلار ارز دیجیتال برتر سولانا ریپل عملکرد هفتگی نمایش گذاشتهاست هم‌اکنون لحظه نگارش مطلب سولانا درصد افزایش روز گذشته قیمت دلار معامله حجم معاملات بیست ساعته سولانا درصد کاهش رقم دلار رسیدهاست قیمت سولانا هفت روز گذشته درصد افزایش یافتهاست ارزش سولانا بیت کوین اتریوم درصد افزایش یافتهاست ارزش بازار سولانا درصد افزایش رقم دلار رسیدهاست فهرست بزرگ ارز دیجیتال ارزش بازار سایت کوین مارکت سولانا جایگاه هشتم قرار,رشد خیره‌کننده‌ی قیمت ریپل نظر بیش‌تر سرمایه‌گذاران را به خود جلب کرده، ولی سولانا نیز در این هفته رشد قابل توجهی را تجربه کرده است.,"['سولانا', 'شاخص قیمت مصرف\u200cکننده', 'کمیسیون بورس و اوراق بهادار آمریکا', 'بیت کوین', 'ریپل', 'اتریوم', 'کاردانو', 'دوج کوین', 'پالیگان', 'کوین مارکت کپ', 'ارزش کل بازار', 'اخبار ویژه']","['کوین', 'سولانا', 'درصد', 'بازار', 'ریپل']"
35,56,98,https://www.tgju.org/news/2637916/%D8%AF%D9%86%D8%AF%D9%87-%D9%85%D8%B9%DA%A9%D9%88%D8%B3-%D8%A8%D9%87%D8%A7%DB%8C-%D9%86%D9%81%D8%AA,دنده معکوس بهای نفت,اخبار طلا و سکه,شنبه 24 تیر 1402,"['نفت خام', 'نفت برنت', 'دلار آمریکا', 'شاخص دلار آمریکا', 'حرکت قیمت', 'تورم', 'ذخایر استراتژیک نفت', 'کاهش عرضه', 'اشباع خرید', 'اخبار ویژه', 'خبر دو']",شبکه اطلاع‌رسانی طلا ارز رویترز قیمتنفتدر روز جمعه دلار بشکه کاهش بهای آتینفت خام برنتبه دلار بشکه دلار درصد کاهش قیمت نفت خام وست تگزاس اینترمدیت آمریکا دلار درصد کاهش دلار بشکه بدین معیار نفت خام سومین افزایش هفتگی متوالی ثبت اصل کاهش بهای نفت تقویتدلار آمریکابود معامله‌گر نفت پشتوانه رالی قوی سود نصیب جان کیلداف شریک تجاریاگین کپیتالبا اشاره سود نسبی بازار توجه افزایش ارزش دلار نگرانی‌های تقاضا مطرح نگاه حرکت قیمت ارز ایالات‌متحده شاخص دلار آمریکا پایین سطح ماهه جلسه تثبیت سرمایه‌گذار آستانه آخر هفته افزایش مسلم دلار قو منجر کاهش تقاضا قیمت نفت خام صاحبان ارز گران راب هاورث استراتژیست ارشد سرمایه‌گذار مدیریت دارایی بانک آمریکا تصریح همگام سناریوهایی تعدیل تورم برنامه پرکردن مجدد ذخایر استراتژیک ایالات‌متحده کاهش عرضه اختلالات همگی مؤلفه حمایت بازار رالی هفته آینده ادامه هاورثهمچنین گرایش احتمال افزایش بهای نفت قیمت نفت احتمالا کوتاه‌مدت کمیاشباع خریدبوده بالا سطح اوایل ماه رسیدهاست نگاه رویداد ملاحظه اختلالات عرضه لیبی نیجریه نگرانی‌ها انقباض بازار ماه آینده تشدید قیمت نفت صورت هفتگی درصد افزایش نیجریه دلیل احتمال نشت پایانه بارگیری نفت خام حالت تعلیق جان ایوانز تحلیلگر میزان توقف اختلال لیبی بشکه روز اعلام برآورد ضرر زیان مرتبط اختلال عرضه نیجریه بشکه روز تحلیلگرانکامرزبانکاز کاهش قابل‌توجه صادرات نفت روسیه خبر احتمال افزایش قیمت‌ها صورت تداوم هفته آینده تصریح گفتن قرار صادرات نفت روسیه ماه اوت بشکه روز کاهش,در پی تقویت بهای دلار در روز جمعه، بهای نفت با کاهش بیش از یک دلاری مواجه شد؛ نفت برنت و وست تگزاس اینترمدیت نیز کاهش یافتند.,"['نفت خام', 'نفت برنت', 'دلار آمریکا', 'شاخص دلار آمریکا', 'حرکت قیمت', 'تورم', 'ذخایر استراتژیک نفت', 'کاهش عرضه', 'اشباع خرید', 'اخبار ویژه', 'خبر دو']","['نفت', 'دلار', 'کاهش', 'بشکه', 'افزایش']"
36,157,199,https://www.tgju.org/news/2403952/%D8%AF%D8%B1%D8%B3-%DB%B1%DB%B1%DB%B6-%D9%82%DB%8C%D9%85%D8%AA-%D9%BE%D8%A7%DB%8C%D8%A7%D9%86%DB%8C-%D9%88%D8%B2%D9%86%DB%8C,درس ۱۱۶ : قیمت پایانی وزنی,راهنمای جامع اندیکاتورها,چهارشنبه 25 اسفند 1400,"['اندیکاتور', 'قیمت پایانی وزنی', 'میانگین قیمت', 'نمودار', 'تحلیل تکنیکال']",قیمت پا وزن اندیکاتور هم‌پوشان صرفا نمودار تعاملیاندیکاتور قیمت پا وزن میانگین قیمت روز ترکیب قیمت سقف پا ایجاد نمودار خط قادر خواهیدبود فعل انفعالات روز قرار داد ویژگی نمودار خط معمولی صرفا مبتنی قیمت پا توانست اختیار قرار اندیکاتور وزن بیش‌تری قیمت پا محاسبه پارامترهای پیش‌فرض نداردنمونه‌ی نمودار,در این درس، توضیحات مختصری درباره‌ی قیمت پایانی وزنی ارائه می‌شود.,"['اندیکاتور', 'قیمت پایانی وزنی', 'میانگین قیمت', 'نمودار', 'تحلیل تکنیکال']","['قیمت', 'پا', 'نمودار', 'وزن', 'اندیکاتور']"
37,59,102,https://www.tgju.org/news/2637910/%D8%AA%D9%88%D8%B5%DB%8C%D9%87-%DA%A9%DB%8C%D9%88%D8%B3%D8%A7%DA%A9%DB%8C-%D8%A8%D9%87-%D9%85%D8%B1%D8%AF%D9%85-%D8%A2%D9%85%D8%B1%DB%8C%DA%A9%D8%A7-%D8%A8%DB%8C%D8%AA-%DA%A9%D9%88%DB%8C%D9%86-%D8%A8%D8%AE%D8%B1%DB%8C%D8%AF,توصیه کیوساکی به مردم آمریکا: بیت‌کوین بخرید!,اخبار ارزهای دیجیتال,شنبه 24 تیر 1402,"['بیت\u200cکوین', 'رابرت کیوساکی', 'بازار سهام', 'داو جونز', 'نزدک کامپوزیت', 'طلاو نقره', 'اس اند پی 500', 'کوین مارکت کپ', 'نرخ تسلط بیت کوین', 'اخبار ویژه', 'خبر یک']",شبکه اطلاع‌رسانی طلا ارز یوتودی رابرت کیوساکی تازگی هفته پس تو منتشر مردم آمریکا توصیه کهبیت کوین خرید سرمایه‌گذار کارآفرین برجسته حوزه آموزش امور مالی نویسنده پرفروش کتاب پدر پولدار پدر بی‌پول پدر پولدار پدر بی‌پول عنوان کتاب کلاسیک زمینه سواد مالی شهرت جهانی توصیه خرید بیت کوین دلیل مرتبط اهمیت اقدام شرایط کنون ذکر کردهاست پست نوشت برداشته سقف بدهی ارزش بازار سهام افزایش بیت کوین رها کرد کیوساکی پست دنبال‌کنندگان نوید دادهاست بازار سهام اساس داده تازگی توسط شبکه سی‌ان‌بی‌سی منتشر شد شاخص داو جونز واحد درصد افزایش‌یافته عدد بستهشدهاست پنجمین روز متوالی شاهد شاخص بود این‌که شاخص هم‌اکنون درصد نزدک کامپوزیت درصد کاهش یافتهاست شاخص اصل بالا سطح روزانه آوریل سال گذشته رسید ارزش هفتگی داوجونز درصد درصد نزدک درصد افزایش یافتهاست کیوساکی برداشته سقف بدهی ملی آمریکا دلیل بازار سهام عنوان حاضر بدهی ملی آمریکا همراه بازار سهام ادامه خواهدداد پست نوشت فقیر آمریکا پولدار ثروتمند واقعا غم‌انگیز رکود بزرگ‌راه اسرع وقت بیت کوین خرید کیوساکی پیش‌تر مردم توصیه کردهبود بازار طلا نقره بیت کوین دنبال‌کنندگان توصیه اسرع وقت بازار بیت کوین طلا نقره کیوساکی پیش‌بینی کردهاست قیمت بیت کوین پایان سال دلار رسید اساس داده کوین مارکت هم‌اکنون لحظه نگارش مطلب حوالی ساعت روز شنبه جولای تیر بیت کوین درصد کاهش روز گذشته قیمت دلار معامله ظرف بیست ساعت گذشته قیمت بیت کوین محدوده دلار سقف دلار نوسان بودهاست هم‌چنین حجم معاملات بیست ساعته بیت کوین درصد افزایش رقم دلار رسیدهاست نرخ تسلط بیت کوین بازار کریپتو درصد کاهش‌یافته درصد,رابرت کیوساکی، نویسنده‌ی سرشناس و حامی بیت کوین، با اشاره به رکود قریب‌الوقوع در اقتصاد آمریکا، به مردم‌ این کشور توصیه کرده بیت کوین بخرند.,"['بیت\u200cکوین', 'رابرت کیوساکی', 'بازار سهام', 'داو جونز', 'نزدک کامپوزیت', 'طلاو نقره', 'اس اند پی 500', 'کوین مارکت کپ', 'نرخ تسلط بیت کوین', 'اخبار ویژه', 'خبر یک']","['کوین', 'بیت', 'درصد', 'بازار', 'کیوساکی']"
38,158,202,https://www.tgju.org/news/2403951/%D8%AF%D8%B1%D8%B3-115-%D8%A7%D9%86%D8%AF%DB%8C%DA%A9%D8%A7%D8%AA%D9%88%D8%B1-%D9%88-%D8%B1%D8%AA%DA%A9%D8%B3-%D8%B4%D8%A7%D8%AE%D8%B5-%DA%AF%D8%B1%D8%AF%D8%A7%D8%A8%DB%8C,درس 115 : اندیکاتور وُرتکس (شاخص گردابی),راهنمای جامع اندیکاتورها,چهارشنبه 25 اسفند 1400,"['اندیکاتور وُرتکس', 'شاخص گردابی', 'نمودار تعاملی', 'روند صعودی', 'روند نزولی', 'سیگنال معکوس', 'کف قیمت', 'سقف قیمت']",اندیکاتور ورتکس کاربرد پنجره جدیدنوع نمودار تعاملیاندیکاتور ورتکس شاخص گرداب اندیکاتوری متشکل میباشد صعود نزول خطوط معمولا رنگ سبز قرمز اندیکاتور ورتکس دیدهبانی معکوس تائید روند فعلی مورداستفاده قرار میگیرد اندیکاتور ورتکس توسط اتین بوتس داگلاس سیپمن مفهوم نسخه تحلیل فن سهام کالا معرف توسعه اندیکاتور ورتکس اساس نمودار نمونهاندیکاتور ورتکس معمولا کمک پشتیبانی سیگنال معکوس همراه الگو معکوس استفاده میشود اندیکاتور اکثر برنامه نرمافزاری تحلیل تکنیکال ادغام شدهاست معمولا بهطور مستقل پائین نمودار کندلاستیک ترسیم میشوند صعود سیگنال خرید زمانی اتفاق میافتد پائین بالا عبور خطوط جایگاه برتر اختصاص نزول سیگنال فروش زمانی اتفاق افتاد پائین بالا گذشت خطوط جایگاه برتر بهطورکلی جایگاه برتر عموما نشان میدهد اوراق بهادار صعود نزول محاسبه محاسبه اندیکاتور تقسیم میشود محدوده واقعی بیشترین موارد سقف فعلی من فعلیسقف فعلی من بستهشدن قبلیکف فعلی من بستهشدن قبلیحرکتهای صعود نزول قدر مطلق سقف فعلی من قبل قدر مطلق فعلی من سقف قبلیطولمدت پارامتر تصمیم پارامتر محدوده واقعی دوره محدوده واقعی دوره من دوره دوره ایجاد خطوط تکرار بهصورت روزانه خطوط شکل میدهد رویکرد سن استفاده تقاطع میتواند منجر تعداد سیگنالهای معاملاتی کاذب زمانی بازار متلاطم افزایش دوره مورداستفاده اندیکاتور بهعنوان مثال استفاده دوره بهجای دوره راه‌حل مشکل پارامترهای پیشفرض دوره,در این مطلب، اندیکاتوری با نام شاخص گردابی یا «اندیکاتور وُرتکس» معرفی می‌شود و مراحل محاسبه آن جهت تسهیل تفسیر مطالعه این شاخص مورد ارزیابی قرار می‌گیرد.,"['اندیکاتور وُرتکس', 'شاخص گردابی', 'نمودار تعاملی', 'روند صعودی', 'روند نزولی', 'سیگنال معکوس', 'کف قیمت', 'سقف قیمت']","['دوره', 'اندیکاتور', 'ورتکس', 'فعلی', 'من']"
39,62,106,https://www.tgju.org/news/2637890/1-34,تلاش شاخص دلار برای تغییر روند,اخبار ارزی,شنبه 24 تیر 1402,"['دلار آمریکا', 'شاخص دلار آمریکا', 'فشار تورمی', 'ارقام تورم', 'نرخ بهره', 'افزایش نرخ بهره', 'کف قیمت', 'متحرک نمایی 200', 'منطقه عرضه', 'اخبار ویژه', 'تحلیل تکنیکال']",شبکه اطلاع‌رسانی طلا ارز اف‌ایکس استریت شاخص دلار آمریکا عملکرددلار آمریکا سبدی ارز کلیدی اندازه‌گیری حدود بهبود بهبود زمانی اتفاق افتاد شاخص دلار پایین سطح ماهه درصد شاخص معامله خاطر پس‌گرفتن رقم شرمنده ضرر شاخص دلار هفته فشار پایین شاخص قیمت مصرف‌کننده تولیدکنندهدلار آمریکا بازار شلوغ اقتصاد معرض فشار قرار عمدتا ارقام تورم بازار شاهد کاهش قیمت مصرف‌کننده قیمت تولیدکننده منجر تضعیف دلار آمریکا شاخص قیمت مصرف‌کننده ایالات‌متحده درصد افزایش ماه ژوئن سطح برآوردشده‌ی درصدی اصل اقلام بی‌ثباتی غذا انرژی حذف درصد کاهش درصد ماه درصد ماه گذشته کاهش انتشار شاخص قیمت تولید‌کننده مشابه درصد افزایش کمتر پیش‌بینی درصدی اصطلاح هسته مقایسه انتظارات کاهش توجه پس‌زمینه بنیادین بحبوحه قیمت‌گذاری واحد پایه نرخ بهره توسط سرمایه‌گذار شرکت‌کنندگان بازار میزان شرط‌بندی‌های افزایش نرخ فدرال رزرو آمریکا کمیته بازار فدرال جولای کاست اساس همانطور ابزار نظارت نرخ انتظار نرخ وجوه فدرال سال الی باقی ماند چشم‌انداز بازده اوراق قرضه خزانه‌دار ایالات‌متحده شاهد تمدید زیان بازده اوراق قرضه ساله خزانه‌دار ایالات‌متحده هفته درصد پایان رساند تقریبا واحد پایه کمتر روز دوشنبه بازده سال درصد کاهش درصد شاخص دلار پایان هفته ضرر معادل درصد حکایت موضوع سنگین دوش دلار چشم‌انداز تکنیکال شاخص دلار آمریکا نقطه‌نظر تکنیکال زمانی شاخص دلار گذر قیمت روزانه فوریه ضرر امتداد زیان‌های گفتن پشتیبانی شاخص دلار قیمت روزانه آوریل ظاهر محض پاک‌شدن سطح دلار پایین سطح سالانه سال چالش کشید پایین سطح مارس حرکت منطقه عرضه شاخص دلار قیمت تبدیل‌شده مقاومت فوریه خواهدبود دنبال متحرک نمایی روزه سطح قرار خواهدگرفت,شاخص دلار آمریکا با بهبود عملکرد خود توانست زیان‌های پیرو انتشار گزارش قیمت مصرف‌کننده و تولیدکننده را جبران کند.,"['دلار آمریکا', 'شاخص دلار آمریکا', 'فشار تورمی', 'ارقام تورم', 'نرخ بهره', 'افزایش نرخ بهره', 'کف قیمت', 'متحرک نمایی 200', 'منطقه عرضه', 'اخبار ویژه', 'تحلیل تکنیکال']","['شاخص', 'دلار', 'درصد', 'قیمت', 'آمریکا']"
41,65,111,https://www.tgju.org/news/2637885/%D8%AD%DA%A9%D9%85-%D8%AF%D8%A7%D8%AF%DA%AF%D8%A7%D9%87-%D8%B1%DB%8C%D9%BE%D9%84-%DB%8C%DA%A9-%D9%BE%DB%8C%D8%B1%D9%88%D8%B2%DB%8C-%D9%85%D9%87%D9%85-%D8%A8%D8%B1%D8%A7%DB%8C-%DA%A9%D8%B1%DB%8C%D9%BE%D8%AA%D9%88,حکم دادگاه ریپل، یک پیروزی مهم برای کریپتو!,اخبار ارزهای دیجیتال,شنبه 24 تیر 1402,"['ریپل', 'جی پی مورگان', 'کمیسیون بورس و اوراق بهادار آمریکا', 'بیت کوین', 'اتریوم', 'صنعت کریپتو', 'کوین مارکت کپ', 'اخبار ویژه', 'خبر برگزیده']",شبکه اطلاع‌رسانی طلا ارز کوین‌پدیا جی‌پی مورگان غول بانک آمریکایی انتشار یادداشتی روز جمعه تیر تاکید حکم دادگاه نفع شبکه پرداخت ریپل عنوان پیروزی صنعت کریپتو تلقی گفته تحلیلگر شرکت جی‌پی مورگان تصمیم دادگاه پرونده حقوق شرکت ریپل کمیسیون بورس اوراق بهادار آمریکا شفافیت تازه تعریف اوراق بهادار ارائه پیامد مثبت توجه اکوسیستمارزهای دیجیتالبه همراه شرکت جی‌پی‌مورگان یادداشت شفافیت قوانین شدهاست سرمایه‌گذار ورود صنعت کریپتو منصرف سرعت پیشرفت نوآور پذیرش اکوسیستم کریپتو فشار نهاد نظارتی ظرف سال گذشته افزایش یافتهاست تحلیلگر جی‌پی مورگان معتقدند حکم دادگاه ریپل جایگاه بازار کریپتو تعریف ایجاد شفافیت افزایش اعتماد سرمایه‌گذار جلب تازه اکوسیستم هرچند اکوسیستم فعالیت کرد ویژگی‌های منحصر اطمینان اساس حک دادگاه روز پنج‌شنبه صادر ارز دیجیتالریپل صورت فروش طریق صراف فروش برنامه عنوان اوراق بهادار گرفتهشود خبر افزایش شدید قیمت ارز دیجیتال قیمت ریپل اتفاق نشان‌دهنده اهمیت فوق‌العاده حکم صنعت کریپتو قیمتبیت کوین روز پنج‌شنبه درصد افزایش بالا سطح سال دلار مورگان اذعان پیروزی ریپل هشدار نبرد صنعت کریپتو پایان نرسیدهاست کمیسیون بورس اوراق بهادار آمریکا حکم چالش کشید سویی پرونده حقوق صنعت کریپتو تکلیف شد تحلیلگر معتقدند مسائل حقوق حل‌نشده صنعت کریپتو مانع توسعه صنعت خواهدشد صنعت کریپتو هم‌اکنون شایسته نیازمند تحول مسیر پیشرفت تحلیلگر اهمیت نظارت شایسته پذیرش صنعت کریپتو عنوان پدیده نوظهور نیازمند مقررات منحصربه‌فرد تاکید اساس داده کوین مارکت هم‌اکنون لحظه نگارش مطلب حوالی ساعت روز شنبه جولای تیر ریپل درصد کاهش روز گذشته قیمت دلار معامله حجم معاملات بیست ساعته ریپل درصد کاهش رقم دلار رسیدهاست ارزش ریپل بیت کوین واتریوم درصد کاهش یافتهاست,دادگاه حکم داد ریپل جزء اوراق بهادار نیست و می‌تواند در صرافی‌های آمریکایی فهرست شود؛ اتفاقی که به گفته‌ شرکت جی‌پی مورگان، یک پیروزی مهم برای کریپتو است.,"['ریپل', 'جی پی مورگان', 'کمیسیون بورس و اوراق بهادار آمریکا', 'بیت کوین', 'اتریوم', 'صنعت کریپتو', 'کوین مارکت کپ', 'اخبار ویژه', 'خبر برگزیده']","['کریپتو', 'صنعت', 'ریپل', 'روز', 'مورگان']"
42,66,115,https://www.tgju.org/news/2637878/%D8%AA%D8%AD%D9%84%DB%8C%D9%84-%D9%88-%D9%BE%DB%8C%D8%B4-%D8%A8%DB%8C%D9%86%DB%8C-%D9%82%DB%8C%D9%85%D8%AA-%D8%B1%DB%8C%D9%BE%D9%84-24-%D8%AA%DB%8C%D8%B1,تحلیل و پیش‌بینی قیمت ریپل؛ 24 تیر,اخبار ارزهای دیجیتال,شنبه 24 تیر 1402,"['ریپل', 'بیت\u200cکوین', 'اتریوم', 'بازار کریپتو', 'اصلاح نزولی', 'فیبوناچی', 'کوین مارکت کپ', 'حجم معاملات بیست و چهار ساعته', 'تحلیل تکنیکال', 'اخبار ویژه']",شبکه اطلاع‌رسانی طلا ارز کوین تلگراف پیروزی نسبی شرکت ریپل کمیسیون بورس اوراق بهادار ایالات‌متحده دادگاه خیره‌کننده قیمتریپل حتیبیت کوین واتریوم بالا دلار رساند هرچند قیمت رهبر بازار کریپتو محدوده سابق بازگشته علی‌رغم آن‌که حکم دادگاه حرف حدیث اصلاح قیمت ریپل شدت اصلاح قیمت رهبر کریپتو بود نشدهاست سطوح اولیه برگردد انتشار خبر را دادگاه جولای تیر قیمت ریپل فلک گذاشت سطح مقاومت دلار شکست کانال ریپل مد داخل گرفتار شدهبود کانال مرز بالا پایین دلار دلار شکست مسئله قیمت ریپل ظرف ساعت بالا سطح دلار رسید قیمت ریپل سطح دلار سرمایه‌گذار اقدام فروش توکن‌های مسئله افزایش فشار فروش بازار شدهاست هم‌اکنون قیمت ریپل اصلاح نزول شدید احتمالا قیمت روز فاز تثبیت خواهدشد گاو خواهندکرد اصلاح نزول قیمت ریپل منطقه سطوح اصلاحی فیبوناچی ترتیبب محدوده دلار دلار متوقف چنان‌چه گاو موفق قیمت ریپل بالا سطح دلار تشکیل قیمت التکوین سطح دلار تست مقابل شکسته سطح حمایت دلار سقوط قیمت ریپل سطح درصدی اصلاحی فیبوناچی منطقه دلار خواهدشد صورت مرحله بعد صعود قیمت ریپل تاخیر خواهدافتاد اساس داده کوین مارکت هم‌اکنون لحظه نگارش مطلب حوالی ساعت روز شنبه جولای تیر ریپل درصد کاهش روز گذشته قیمت دلار معامله ظرف بیست ساعت گذشته قیمت ریپل محدوده دلار سقف دلار نوسان بودهاست حجم معاملات بیست ساعته ریپل درصد کاهش رقم دلار رسیدهاست,با صدور رای دادگاه مبنی بر این‌که ریپل جزء اوراق بهادار نیست، قیمت آن سر به فلک گذاشت؛ ولی اکنون دچار اصلاح شده است. مسیر بعدی حرکت آن به کدام سمت است؟,"['ریپل', 'بیت\u200cکوین', 'اتریوم', 'بازار کریپتو', 'اصلاح نزولی', 'فیبوناچی', 'کوین مارکت کپ', 'حجم معاملات بیست و چهار ساعته', 'تحلیل تکنیکال', 'اخبار ویژه']","['دلار', 'قیمت', 'ریپل', 'سطح', 'بالا']"
43,67,120,https://www.tgju.org/news/2637873/2-48,طلا، مترصد حرکتی تعیین‌کننده,اخبار طلا و سکه,شنبه 24 تیر 1402,"['بهای طلا', 'حرکت قیمت', 'پرایس اکشن', 'نرخ بهره', 'فدرال رزرو', 'داده\u200cهای تورم', 'فشار قیمت', 'ریسک\u200cپذیری', 'شاخص دلار آمریکا', 'مومنتوم', 'خستگی', 'واگرایی صعودی', 'شاخص قدرت نسبی', 'اخبار ویژه', 'خبر دو', 'تحلیل تکنیکال']",شبکه اطلاع‌رسانی طلا ارز اف‌ایکس استریت قیمتطلا جلسه معاملاتی نیویورک عملکرد ضعیف حوالی سطح دلار نشان آنطور مشاهده حرکت قیمت فلز گرانبها فهمید طلا تلاش حرکتی تعیین‌کننده داشتهباشد سرمایه‌گذار امید فدرال رزرو ماه برنامه تشدید سیاست پول صرف‌نظر جروم پاول رئیس فدرال رزرو کاهش مستمر فشار تور تشخیص طلسم سیاست‌های سختگیرانه‌ی ماه چشم‌پوشی در افزایش نرخ بهره ماند گزارش تورم ژوئن کاهش چشمگیر قیمت خودرو دست حاکی فشار قیمتی انتظار کاهش یافتهاست انتظار معاملات بحبوحه حالت ریسک‌پذیر صعود ملایمی شاخصدلار آمریکا عقب‌نشینی کوتاه‌مدتی نزدیک ارائه کردهاست توجه عوامل بنیادین حمایت شد سوگیری نزول ترجیح حوزه اوراق بهادار بازده ارائه‌شده اوراق قرضه ساله خزانه‌دار ایالات‌متحده نزدیک درصد بازگشته نشانه حاکی کاهش فشار قیمتی کریستوفر والر رئیس فدرال رزرو تفسیر تندروانه‌ای ارائه گفتن فدرال رزرو اطمینان باور ضرورت افزایش نرخ بهره سال هدف کاهش تورم درصد پایبند تحلیل تکنیکال طلا استفاده نمودار طلاییبهای طلا صعود مستمر مقیاس ساعته قدرت تمدید موجود سرمایه‌گذار نهادی شرکت‌کنندگان خرده‌فروشی بدل متعادل‌سازی موجود انجام مقاومت بالقوه سقف قیمت ژوئن دلار ترسیم شدهاست میانگین متحرک نمایی دوره گرایش صعود سطح دلار گاو طلا حمایت نهایت شاخص قدرت نسبی سقوط کردهاست خودی خستگی مومنتوم صعود تصویر کشید,با وجود عقب‌نشینی کوتاه‌مدت شاخص دلار، بهای طلا در صدد انجام یک حرکت تعیین‌کننده است؛ عملکرد فلز زرد در روز جمعه، ضعیف بود.,"['بهای طلا', 'حرکت قیمت', 'پرایس اکشن', 'نرخ بهره', 'فدرال رزرو', 'داده\u200cهای تورم', 'فشار قیمت', 'ریسک\u200cپذیری', 'شاخص دلار آمریکا', 'مومنتوم', 'خستگی', 'واگرایی صعودی', 'شاخص قدرت نسبی', 'اخبار ویژه', 'خبر دو', 'تحلیل تکنیکال']","['طلا', 'کاهش', 'فدرال', 'رزرو', 'صعود']"
44,71,125,https://www.tgju.org/news/2637871/%D8%AA%D8%AD%D9%84%DB%8C%D9%84-%D9%88-%D9%BE%DB%8C%D8%B4-%D8%A8%DB%8C%D9%86%DB%8C-%D9%82%DB%8C%D9%85%D8%AA-%D8%A8%DB%8C%D8%AA-%DA%A9%D9%88%DB%8C%D9%86-24-%D8%AA%DB%8C%D8%B1,تحلیل و پیش‌بینی قیمت بیت‌کوین؛ 24 تیر,اخبار ارزهای دیجیتال,شنبه 24 تیر 1402,"['بیت\u200cکوین', 'ارزهای دیجیتال', 'اتریوم', 'ریپل', 'اصلاح نزولی', 'فشار فروش', 'سطح حمایت', 'شاخص قدرت نسبی', 'اندیکاتور مکدی', 'سطح مقاومت', 'کوین مارکت کپ', 'تحلیل تکنیکال', 'اخبار ویژه', 'خبر یک']",شبکه اطلاع‌رسانی طلا ارز کریپتونیوز بازارارزهای دیجیتالدر روز پنج‌شنبه تیر تاثیر انتشار خبر درباره پرونده حقوق شرکت ریپل کمیسیون بورس اوراق بهادار آمریکا شدت صعود گزارش‌ها صراف آمریکایی می‌توانندریپل فهرست معاملاتی قرار قیمت ریپل بالا سنت صعود بیت کوین واتریوم توانست بالا دلار صعود فروکش هیجان‌های اولیه انتقاد تحلیلگر شفاف نبودن را دادگاه قیمت ریپل هم‌اکنون اصلاح نزول سطح دلار شدهاست بیت کوین اتریوم محدودی سابق بازگشته‌اند کارشناس دلیل افزایش فشار فروش بازار بیت کوین کرد ارقام اولیه احساسات مصرف‌کننده درباره بیت کوین بالا انتظارات بودهاست دانشگاه میشیگان صورت ماهانه اعداد ارقام منتشر احساسات مثبت مصرف‌کننده افزایش شاخص غالبا نشان‌دهنده سلامت اقتصاد حاکی افزایش اعتماد سرمایه‌گذار بازار سن مسئله بالقوه سرمایه بازار ارز دیجیتال بیت‌کوین داده اولیه شاخص تمایل مصرف‌کننده ماه عدد نشان کارشناس انتظار رقم شاخص احساسات مصرف‌کننده بیت کوین ماه ژوئن نگاه دقیق تحلیل تکنیکال بیت کوین یافت قیمت پادشاه ارز دیجیتال ناکامی عبور سطح مقاومت حیاتی دلار پولبک عقب‌نشینی توجه تجربه دومین حرکت صعود بیت کوین مانع قدرتمند شدهاست بیت کوین حوالی سطح دلار ایستادهاست نزدیک سطح حمایت قیمت بیت کوین حوالی دلار قرار سطح حمایت نزدیک صعود بیت کوین واقع بسته کندل قیمت بالا نشان‌دهنده تداوم احساسات صعود بیت کوین سطح مقاومت دلار سرسختی مانع صعود قیمت بیت کوین چنان‌چه قیمت بیت کوین سطح دلار پایین بیاید شاهد سقوط سطح حمایت بعد حوالی دلار خواهیمبود شاخص قدرت نسبی اندیکاتور مکدی قلمرو نزول قرار شکست سطح حمایت دلار قیمت بیت کوین سطوح دلار کاهش مقابل بیت کوین سطح دلار فراتر رفت مسیر صعود اهداف قیمت دلار هموار اساس داده کوین مارکت هم‌اکنون لحظه نگارش مطلب حوالی ساعت روز شنبه جولای تیر بیت کوین درصد کاهش روز گذشته قیمت دلار معامله ظرف بیست ساعت گذشته قیمت بیت کوین محدوده دلار سقف دلار نوسان بودهاست حجم معاملات بیست ساعته بیت کوین درصد کاهش رقم دلار رسیدهاست نرخ تسلط بیت کوین بازار کریپتو درصد کاهش‌یافته حوالی,"بیت کوین بار دیگر تلاش کرد خود را به 31,000 رسانده و جایگاه‌اش را در بالای آن حفظ کند. ولی این بار هم ناموفق ماند. مسیر حرکت بعدی آن به کدام جهت خواهد بود؟","['بیت\u200cکوین', 'ارزهای دیجیتال', 'اتریوم', 'ریپل', 'اصلاح نزولی', 'فشار فروش', 'سطح حمایت', 'شاخص قدرت نسبی', 'اندیکاتور مکدی', 'سطح مقاومت', 'کوین مارکت کپ', 'تحلیل تکنیکال', 'اخبار ویژه', 'خبر یک']","['کوین', 'بیت', 'دلار', 'قیمت', 'سطح']"
45,163,214,https://www.tgju.org/news/2638236/%DA%AF%D8%B2%D8%A7%D8%B1%D8%B4-%D9%82%DB%8C%D9%85%D8%AA-%D8%A7%D8%B1%D8%B2%D9%87%D8%A7%DB%8C-%D8%AF%DB%8C%D8%AC%DB%8C%D8%AA%D8%A7%D9%84-%DB%8C%DA%A9%D8%B4%D9%86%D8%A8%D9%87-25-%D8%AA%DB%8C%D8%B1-1402-6,گزارش قیمت ارزهای دیجیتال / یکشنبه 25 تیر 1402,گزارش‌ بازارها,یکشنبه 25 تیر 1402,"['گزارش قیمت ارزهای دیجیتال', 'قیمت ارزهای دیجیتال', 'قیمت رمزارز']",قیمت ارزهایدیجیتال بیت کوین ریال بیت کوین تتر اتریوم ریال اتریوم تتر دش ریال تتر ریپل ریال ریپل تتر لا کوین ریال لا کوین تتر تتر ریال تتر دلار استلار ریال استلار تتر بایننس کوین ریال بایننس کوین تتر کاردانو ریال کاردانو تتر آوالانچ ریال آوالانچ تتر دوج کوین ریال دوج کوین تتر شیبا اینو ریال شیبا اینو تتر چین لینک ریال چین لینک تتر بیت کوین ریال بیت کوین تتر ترون ریال ترون تتر یونی سواپ ریال یونی سواپ تتر کازماز ریال کازماز تتر فایل کوین ریال فایل کوین تتر الروند ریال الروند تتر اتریوم کلاسیک ریال اتریوم کلاسیک تتر سندباکس ریال سندباکس تتر تزوس ریال تزوس تتر فانتوم ریال فانتوم تتر گالا ریال گالا تتر مونرو ریال مونرو تتر پنکیک سواپ ریال پنکیک سواپ تتر ایاس ریال ایاس تتر فلو ریال فلو تتر لوپرینگ ریال لوپرینگ تتر بیت تورنت ریال بیت تورنت تتر ماکر ریال ماکر تتر نئو ریال نئو تتر ریال تتر ویوز ریال ویوز تتر نیو اکونومی ریال نیو اکونومی تتر دیکرید ریال دیکرید تتر,"امروز یکشنبه 25 تیر 1402 در بازار داخلی ارزهای دیجیتال، بیت کوین با 0.3 درصد افزایش نسبت به روز گذشته و با نرخ 14,947,014,000 ریال داد و ستد گردید در همین حال در بازارهای جهانی، هر بیت کوین با قیمت 30,355.43 دلار در حال معامله می باشد. در ادامه نرخ کلیه ارزهای دیجیتال در بازارهای داخلی و جهانی قابل مشاهده می باشد.","['قیمت', 'ارزهای_دیجیتال']","['تتر', 'ریال', 'کوین', 'بیت', 'اتریوم']"
46,165,216,https://www.tgju.org/news/2638226/%DA%AF%D8%B2%D8%A7%D8%B1%D8%B4-%D9%82%DB%8C%D9%85%D8%AA-%D8%A7%D8%B1%D8%B2%D9%87%D8%A7%DB%8C-%D9%86%DB%8C%D9%85%D8%A7-%DB%8C%DA%A9%D8%B4%D9%86%D8%A8%D9%87-25-%D8%AA%DB%8C%D8%B1-1402,گزارش قیمت ارزهای نیما / یکشنبه 25 تیر 1402,گزارش‌ بازارها,یکشنبه 25 تیر 1402,"['گزارش قیمت ارزهای نیما', 'قیمت ارزهای نیما']",قیمت ارز نیما دلار ریال یورو ریال درهم امارات ریال پوند انگلیس ریال فرانک سوییس ریال کرون سوئد ریال کرون نروژ ریال روپیه هند ریال ژاپن ریال دلار کانادا ریال لیر ترکیه ریال روبل روسیه ریال یکصد دینار عراق ریال دلار استرالیا ریال یوان چین ریال هزار وون کره جنوبی ریال دلار ریال یورو ریال درهم امارات ریال پوند انگلیس ریال فرانک سوییس ریال کرون سوئد ریال کرون نروژ ریال روپیه هند ریال ژاپن ریال دلار کانادا ریال لیر ترکیه ریال روبل روسیه ریال یکصد دینار عراق ریال دلار استرالیا ریال یوان چین ریال هزار وون کره جنوبی ریال,"امروز یکشنبه 25 تیر 1402 در سامانه نیما، قیمت خرید هر دلار با 0 درصد کاهش نسبت به روز گذشته، برابر با 371,692 ریال و قیمت فروش دلار نیز 375,068 ریال اعلام گردید. در ادامه قیمت خرید و فروش کلیه ارزها در سامانه نیما قابل مشاهده می باشد.","['گزارش قیمت ارزهای نیما', 'قیمت ارزهای نیما']","['ریال', 'دلار', 'کرون', 'یورو', 'درهم']"
47,167,218,https://www.tgju.org/news/2638225/%DA%AF%D8%B2%D8%A7%D8%B1%D8%B4-%D9%82%DB%8C%D9%85%D8%AA-%D8%A7%D8%B1%D8%B2%D9%87%D8%A7%DB%8C-%D8%B3%D9%86%D8%A7-%DB%8C%DA%A9%D8%B4%D9%86%D8%A8%D9%87-25-%D8%AA%DB%8C%D8%B1-1402,گزارش قیمت ارزهای سنا / یکشنبه 25 تیر 1402,گزارش‌ بازارها,یکشنبه 25 تیر 1402,"['گزارش قیمت ارزهای سنا', 'قیمت ارزهای سنا']",قیمت ارزهایسنا دلار ریالیورو ریال درهم ریالپوند ریال فرانک سویس ریال کرون سوئد ریال کرون نروژ ریال روپیه هند ریال ژاپن ریال دلار کانادا ریال لیر ترکیه ریال روبل روسیه ریال دینار عراق ریال دلار استرالیا ریال یوان چین ریال هزار وون کره ریالقیمت ارزهایسنا دلار ریال یورو ریال درهم ریال پوند ریال فرانک سویس ریال کرون سوئد ریال کرون نروژ ریال روپیه هند ریال ژاپن ریال دلار کانادا ریال لیر ترکیه ریال روبل روسیه ریال دینار عراق ریال دلار استرالیا ریال یووان چین ریال هزار وون کره ریال,"امروز یکشنبه 25 تیر 1402 در سامانه سنا، قیمت خرید هر دلار با 0 درصد کاهش نسبت به روز گذشته، برابر با 408,861 ریال و قیمت فروش دلار نیز 412,575 ریال اعلام گردید. در ادامه قیمت خرید و فروش کلیه ارزها در سامانه سنا قابل مشاهده می باشد.","['قیمت', 'ارزهای_سنا', 'قیمت', 'ارزهای_سنا']","['ریال', 'دلار', 'کرون', 'ارزهایسنا', 'درهم']"
48,168,220,https://www.tgju.org/news/2638215/%DA%AF%D8%B2%D8%A7%D8%B1%D8%B4-%D9%82%DB%8C%D9%85%D8%AA-%D8%A7%D8%B1%D8%B2%D9%87%D8%A7%DB%8C-%D8%AF%DB%8C%D8%AC%DB%8C%D8%AA%D8%A7%D9%84-%DB%8C%DA%A9%D8%B4%D9%86%D8%A8%D9%87-25-%D8%AA%DB%8C%D8%B1-1402-5,گزارش قیمت ارزهای دیجیتال / یکشنبه 25 تیر 1402,گزارش‌ بازارها,یکشنبه 25 تیر 1402,"['گزارش قیمت ارزهای دیجیتال', 'قیمت ارزهای دیجیتال', 'قیمت رمزارز']",قیمت ارزهایدیجیتال بیت کوین ریال بیت کوین تتر اتریوم ریال اتریوم تتر دش ریال تتر ریپل ریال ریپل تتر لا کوین ریال لا کوین تتر تتر ریال تتر دلار استلار ریال استلار تتر بایننس کوین ریال بایننس کوین تتر کاردانو ریال کاردانو تتر آوالانچ ریال آوالانچ تتر دوج کوین ریال دوج کوین تتر شیبا اینو ریال شیبا اینو تتر چین لینک ریال چین لینک تتر بیت کوین ریال بیت کوین تتر ترون ریال ترون تتر یونی سواپ ریال یونی سواپ تتر کازماز ریال کازماز تتر فایل کوین ریال فایل کوین تتر الروند ریال الروند تتر اتریوم کلاسیک ریال اتریوم کلاسیک تتر سندباکس ریال سندباکس تتر تزوس ریال تزوس تتر فانتوم ریال فانتوم تتر گالا ریال گالا تتر مونرو ریال مونرو تتر پنکیک سواپ ریال پنکیک سواپ تتر ایاس ریال ایاس تتر فلو ریال فلو تتر لوپرینگ ریال لوپرینگ تتر بیت تورنت ریال بیت تورنت تتر ماکر ریال ماکر تتر نئو ریال نئو تتر ریال تتر ویوز ریال ویوز تتر نیو اکونومی ریال نیو اکونومی تتر دیکرید ریال دیکرید تتر,"امروز یکشنبه 25 تیر 1402 در بازار داخلی ارزهای دیجیتال، اتریوم با 0.37 درصد افزایش نسبت به روز گذشته و با نرخ 953,276,300 ریال داد و ستد گردید در همین حال در بازارهای جهانی، هر اتریوم با قیمت 1,939.13 دلار در حال معامله می باشد. در ادامه نرخ کلیه ارزهای دیجیتال در بازارهای داخلی و جهانی قابل مشاهده می باشد.","['قیمت', 'ارزهای_دیجیتال']","['تتر', 'ریال', 'کوین', 'بیت', 'اتریوم']"
60,169,222,https://www.tgju.org/news/2638214/%DA%AF%D8%B2%D8%A7%D8%B1%D8%B4-%D9%82%DB%8C%D9%85%D8%AA-%D8%B3%DA%A9%D9%87-%DB%8C%DA%A9%D8%B4%D9%86%D8%A8%D9%87-25-%D8%AA%DB%8C%D8%B1-1402-2,گزارش قیمت سکه / یکشنبه 25 تیر 1402,گزارش‌ بازارها,یکشنبه 25 تیر 1402,"['گزارش قیمت سکه', 'قیمت سکه']",سکهامامی قیمت لحظه ریالبیشترین ریالکمترین ریالتغییر روزانه ریالتغییر ماهانه درصد کاهش سکهبهارآزادی قیمت لحظه ریالبیشترین ریالکمترین ریالتغییر روزانه ریالتغییر ماهانه درصد کاهش نیمسکه قیمت لحظه ریالبیشترین ریالکمترین ریالتغییر روزانه ریالتغییر ماهانه درصد کاهش ربعسکه قیمت لحظه ریالبیشترین ریالکمترین ریالتغییر روزانه ریالتغییر ماهانه درصد کاهش سکهگرمی قیمت لحظه ریالبیشترین ریالکمترین ریالتغییر روزانه ریالتغییر ماهانه درصد کاهش قیمتسکه سکه اما ریالسکه بهار آزاد ریالنیم سکه ریالربع سکه ریالسکه گر ریالسکه اما ریالنیم سکه ریالربع سکه ریالحباب سکه اما ریالحباب سکه بهار آزاد ریالحباب نیم‌سکه ریالحباب ربع سکه ریالحباب سکه گر ریال,"امروز یکشنبه 25 تیر 1402 در بازار سکه، قیمت هر قطعه سکه امامی قبل 86 با 2.04 درصد کاهش نسبت به روز گذشته، به عدد 245,000,000 ریال دست پیدا کرد و هر قطعه سکه فردایی نیز با قیمت 246,950,000 ریال معامله گردید. در ادامه می توانید قیمت انواع سکه را در معاملات روز جاری بازار سکه مشاهده نمایید.","['سکه_امامی', 'سکه_بهار_آزادی', 'نیم_سکه', 'ربع_سکه', 'سکه_گرمی', 'قیمت_سکه']","['ریالتغییر', 'سکه', 'قیمت', 'لحظه', 'ریالبیشترین']"
65,170,224,https://www.tgju.org/news/2638209/%DA%AF%D8%B2%D8%A7%D8%B1%D8%B4-%D9%82%DB%8C%D9%85%D8%AA-%D8%B7%D9%84%D8%A7-%DB%8C%DA%A9%D8%B4%D9%86%D8%A8%D9%87-25-%D8%AA%DB%8C%D8%B1-1402-3,گزارش قیمت طلا / یکشنبه 25 تیر 1402,گزارش‌ بازارها,یکشنبه 25 تیر 1402,"['گزارش قیمت طلا', 'قیمت طلا']",قیمتطلای عیار قیمت لحظه ریالبیشترین ریالکمترین ریالتغییر روزانه ریالتغییر ماهانه درصد کاهشتغییر یکساله درصد کاهش قیمتطلای عیار قیمت لحظه ریالبیشترین ریالکمترین ریالتغییر روزانه ریالتغییر ماهانه درصد کاهشتغییر یکساله درصد کاهش قیمتطلایدستدوم قیمت لحظه ریالبیشترین ریالکمترین ریالتغییر روزانه ریالتغییر ماهانه درصد کاهشتغییر یکساله درصد کاهش قیمتنقره قیمت لحظه ریالبیشترین ریالکمترین ریالتغییر روزانه ریالتغییر ماهانه درصد افزایشتغییر یکساله درصد افزایش قیمتمثقال قیمت لحظه ریالبیشترین ریالکمترین ریالتغییر روزانه ریالتغییر ماهانه درصد کاهشتغییر یکساله درصد کاهش قیمتآبشدهنقدی قیمت لحظه ریالبیشترین ریالکمترین ریالتغییر روزانه ریالتغییر ماهانه درصد کاهشتغییر یکساله درصد کاهش,"امروز یکشنبه 25 تیر 1402 در بازار طلا، قیمت آبشده نقدی با 0.78 درصد کاهش نسبت به روز گذشته، به عدد 100,210,000 ریال دست پیدا کرد و آبشده فردایی نیز با قیمت 100,500,000 ریال داد و ستد شد. در ادامه می توانید قیمت طلا و انواع آبشده را در معاملات روز جاری مشاهده نمایید.","['قیمت_طلای_18_عیار', 'قیمت_طلای_24_عیار', 'قیمت_طلای_دست_دوم', 'قیمت_نقره', 'قیمت_مثقال', 'قیمت_آبشده_نقدی']","['ریالتغییر', 'درصد', 'قیمت', 'لحظه', 'ریالبیشترین']"
69,173,226,https://www.tgju.org/news/2638193/%DA%AF%D8%B2%D8%A7%D8%B1%D8%B4-%D8%B1%D9%88%D8%B2%D8%A7%D9%86%D9%87-%D8%B3%DA%A9%D9%87-%D8%AF%D8%B1-%D8%A8%D9%88%D8%B1%D8%B3-%DB%8C%DA%A9%D8%B4%D9%86%D8%A8%D9%87-25-%D8%AA%DB%8C%D8%B1-1402,گزارش روزانه سکه در بورس / یکشنبه 25 تیر 1402,گزارش‌ بازارها,یکشنبه 25 تیر 1402,"['گزارش قیمت سکه در بورس', 'سکه در بورس']",قیمتسکه روزهسامان قیمت لحظه ریالبیشترین ریالکمترین ریالتغییر روزانه ریال قیمتسکه روزهصادرات قیمت لحظه ریالبیشترین ریالکمترین ریالتغییر روزانه ریال قیمتسکه روزهملت قیمت لحظه ریالبیشترین ریالکمترین ریالتغییر روزانه ریال قیمتسکه روزهآینده قیمت لحظه ریالبیشترین ریالکمترین ریالتغییر روزانه ریال قیمتسکه روزهرفاه قیمت لحظه ریالبیشترین ریالکمترین ریالتغییر روزانه ریال,"امروز سه شنبه 8 فروردین 1402 در بازار بورس، سکه یک روزه سامان با 0 درصد  نسبت به روز گذشته، با نرخ 3,075,178 مبادله گردید و سکه یک روزه ملت نیز با نرخ 1,162,600 ریال معامله شد. در ادامه می توانید قیمت انواع سکه ها در بازار بورس را طی معاملات روز جاری مشاهده نمایید.","['قیمت_سکه_1_روزه_سامان', 'قیمت_سکه_1_روزه_صادرات', 'قیمت_سکه_1_روزه_ملت', 'قیمت_سکه_1_روزه_آینده', 'قیمت_سکه_1_روزه_رفاه']","['قیمتسکه', 'قیمت', 'لحظه', 'ریالبیشترین', 'ریالکمترین']"
77,117,162,https://www.tgju.org/news/2638097/%D9%BE%DB%8C%D8%B4-%D8%A8%DB%8C%D9%86%DB%8C-%D9%85%D9%87%D9%85-%D9%82%DB%8C%D9%85%D8%AA-%D8%B3%DA%A9%D9%87-%D8%AF%D8%B1-%D9%85%D8%B9%D8%A7%D9%85%D9%84%D8%A7%D8%AA-%D8%A7%D9%85%D8%B1%D9%88%D8%B2,پیش بینی مهم قیمت سکه در معاملات امروز,اخبار طلا و سکه,یکشنبه 25 تیر 1402,[],سایت طلا قیمت سکه اما معاملات نقد روز هفته نزول اعلام سایت‌ها فلز گران‌بهای داخل دیروز شنبه تیر مرز حمایتی میلیون هزار تومان دست محدوده میلیون تومان فروش معاملات خط دیشب سکه اما محدوده معامله اتفاق سکه‌بازان تصور امروز یکشنبه فلز زرد رنگ‌داخلی شانس صعود احتمال مرز میلیون تومان دست داد شرایط فعلی قیمت سکه مرز میلیون تومان پایین رفت مرز حمایتی محدوده میلیون هزار تومان خواهدبود عصر دیروز معاملات خط نرخ دلار مرز هزار تومان دست هزار تومان پایین دلار پله پایین حرکت قیمت سکه اثرگذار عده گفت سکه مرز میلیون تومان حفظ احتمال نوسان صعود محتمل خواهدبود دیشب ارزش ذاتی سکه میلیون هزار تومان حباب سکه تقریبا درصد محاسبه خبر مه حدود توجه معامله‌گر قرار ادعایی روزنامه اسرائیل هاآرتص مطرح شدهاست روزنامه گزارشی مدعی اجرا توافق غیرمکتوب ایران آمریکا آغاز ایران سرعت غنی‌سازی خلوص بالا اورانیوم کاهش دادهاست معامله‌گر گفت صور ادعا درست قیمت دلار قیمت سکه تهران اثرگذار نفر بود ارسال,عصر دیروز در معاملات پشت خطی نرخ دلار مرز مهم ۴۹ هزار تومان‌ را از دست داد. اگر دلار به سمت پله‌های پایین حرکت کند، ممکن است روی قیمت سکه اثرگذار باشد.,"['تومان', 'سکه', 'میلیون', 'مرز', 'قیمت']","['تومان', 'سکه', 'میلیون', 'مرز', 'قیمت']"
78,119,164,https://www.tgju.org/news/2638098/%D8%A7%D9%81%D8%B2%D8%A7%DB%8C%D8%B4-%D8%AD%D8%AC%D9%85-%D8%B0%D8%AE%D8%A7%DB%8C%D8%B1-%D8%A7%D8%B1%D8%B2%DB%8C-%D8%B9%D8%B1%D8%A7%D9%82-%D8%A8%D9%87-113-%D9%85%DB%8C%D9%84%DB%8C%D8%A7%D8%B1%D8%AF-%D8%AF%D9%84%D8%A7%D8%B1,افزایش حجم ذخایر ارزی عراق به 113 میلیارد دلار,اخبار ارزی,یکشنبه 25 تیر 1402,[],گروه اقتصاد بین‌الملل خبرگزاری فارس عمار خلف معاون رئیس بانک مرکزی عراق اعلام حجم ذخایر خارج کشور دلیل افزایش قیمت جهانی نفت میلیارد دلار رسیدهاست خلف تاکید بانک مرکزی عراق نقش اساس ثبات مالی اقتصاد کشور امسال شاهد تغییرات کمک دستیابی ثبات عراق مسئول عراق اقتصاد عراق چال جمله تصویب قانون بودجه حجم هزینه عمو برنامه‌ریزی سال میلیارد کسر مالی بالغ تریلیون دینار خلف تاکید چالش افزایش بدهی داخل تریلیون دینار چال قدرت مالی سازوکار مدیریت بدهی نشان‌دهنده فشار ابزار مختلف سیاست پول پایان پیام,بانک مرکزی عراق خبر داد که حجم ذخایر ارز خارجی به دلیل افزایش قیمت جهانی نفت به 113 میلیارد دلار افزایش یافته است.,"['عراق', 'اقتصاد', 'خلف', 'مالی', 'بانک']","['عراق', 'اقتصاد', 'خلف', 'مالی', 'بانک']"
79,120,165,https://www.tgju.org/news/2638090/%D9%82%DB%8C%D9%85%D8%AA-%D8%AA%D8%A7%D8%B1%D8%A7-%D8%AF%D9%86%D8%AF%D9%87-%D8%A7%DB%8C-%D9%88-%D8%A7%D8%AA%D9%88%D9%85%D8%A7%D8%AA%DB%8C%DA%A9-%DB%B1%DB%B4%DB%B0%DB%B2-%D8%AF%D8%B1-%D8%A8%D8%A7%D8%B2%D8%A7%D8%B1-%DA%A9%D8%A7%D9%87%D8%B4-%DB%8C%D8%A7%D9%81%D8%AA-%D8%AC%D8%AF%D9%88%D9%84,قیمت تارا دنده‌ای و اتوماتیک ۱۴۰۲ در بازار کاهش یافت + جدول,اخبار خودرو,یکشنبه 25 تیر 1402,[],مطالعه جدول اطلاعات کامل دربارهقیمت روز انواع خودرو تارابه دست خواهیدآورد قیمت روز خودرو تارابرندمدلکارکرد قیمت اتوماتیک صفر اتوماتیک صفر اتوماتیک صفر دنده صفر دنده صفر دنده صفر دنده صفر دنده اتوماتیک منبع باما,قیمت تارا اتوماتیک به ۸۱۰ میلیون تومان رسید این خودرو در بازار دیروز کاهش ۵ میلیون تومانی داشت تارا دنده ای مدل ۱۴۰۲ نیز با کاهش ۵ میلیون تومانی ۶۸۵ میلیون تومان شد همچنین قیمت تارا دنده ای مدل ۱۴۰۰ در بازار ۵ میلیون تومان کاهش یافت قیمت تارا دنده ای در ایران خودرو ۳۹۴ میلیون تومان است.,"['صفر', 'دنده', 'اتوماتیک', 'روز', 'خودرو']","['صفر', 'دنده', 'اتوماتیک', 'روز', 'خودرو']"
80,175,228,https://www.tgju.org/news/2638172/%DA%AF%D8%B2%D8%A7%D8%B1%D8%B4-%D9%82%DB%8C%D9%85%D8%AA-%D8%A7%D8%B1%D8%B2%D9%87%D8%A7%DB%8C-%D8%AF%DB%8C%D8%AC%DB%8C%D8%AA%D8%A7%D9%84-%DB%8C%DA%A9%D8%B4%D9%86%D8%A8%D9%87-25-%D8%AA%DB%8C%D8%B1-1402-4,گزارش قیمت ارزهای دیجیتال / یکشنبه 25 تیر 1402,گزارش‌ بازارها,یکشنبه 25 تیر 1402,"['گزارش قیمت ارزهای دیجیتال', 'قیمت ارزهای دیجیتال', 'قیمت رمزارز']",قیمت ارزهایدیجیتال بیت کوین ریال بیت کوین تتر اتریوم ریال اتریوم تتر دش ریال تتر ریپل ریال ریپل تتر لا کوین ریال لا کوین تتر تتر ریال تتر دلار استلار ریال استلار تتر بایننس کوین ریال بایننس کوین تتر کاردانو ریال کاردانو تتر آوالانچ ریال آوالانچ تتر دوج کوین ریال دوج کوین تتر شیبا اینو ریال شیبا اینو تتر چین لینک ریال چین لینک تتر بیت کوین ریال بیت کوین تتر ترون ریال ترون تتر یونی سواپ ریال یونی سواپ تتر کازماز ریال کازماز تتر فایل کوین ریال فایل کوین تتر الروند ریال الروند تتر اتریوم کلاسیک ریال اتریوم کلاسیک تتر سندباکس ریال سندباکس تتر تزوس ریال تزوس تتر فانتوم ریال فانتوم تتر گالا ریال گالا تتر مونرو ریال مونرو تتر پنکیک سواپ ریال پنکیک سواپ تتر ایاس ریال ایاس تتر فلو ریال فلو تتر لوپرینگ ریال لوپرینگ تتر بیت تورنت ریال بیت تورنت تتر ماکر ریال ماکر تتر نئو ریال نئو تتر ریال تتر ویوز ریال ویوز تتر نیو اکونومی ریال نیو اکونومی تتر دیکرید ریال دیکرید تتر,"امروز یکشنبه 25 تیر 1402 در بازار داخلی ارزهای دیجیتال، ریپل با 3.69 درصد افزایش نسبت به روز گذشته و با نرخ 367,800 ریال داد و ستد گردید در همین حال در بازارهای جهانی، هر ریپل با قیمت 0.748266 دلار در حال معامله می باشد. در ادامه نرخ کلیه ارزهای دیجیتال در بازارهای داخلی و جهانی قابل مشاهده می باشد.","['قیمت', 'ارزهای_دیجیتال']","['تتر', 'ریال', 'کوین', 'بیت', 'اتریوم']"
81,122,166,https://www.tgju.org/news/2638089/%D9%82%DB%8C%D9%85%D8%AA-%D8%AF%D9%84%D8%A7%D8%B1-%D9%88-%DB%8C%D9%88%D8%B1%D9%88-25-%D8%AA%DB%8C%D8%B1%D9%85%D8%A7%D9%87-1402-%D8%A7%D9%81%D8%B2%D8%A7%DB%8C%D8%B4-%D8%AC%D8%B2%D8%A6%DB%8C-%D9%82%DB%8C%D9%85%D8%AA-%DB%8C%D9%88%D8%B1%D9%88,قیمت دلار و یورو 25 تیرماه 1402/ افزایش جزئی قیمت یورو,اخبار ارزی,یکشنبه 25 تیر 1402,[],سایت طلا قیمت انواع ارز معاملات امروز مرکز مبادله ایران اعلام اساس نرخ ثبت‌شده دلار آمریکا صورت اسکناس حواله هزار تومان هزار تومان اعلام درهم اسکناس هزار تومان قیمت‌گذاری درهم حواله هزار تومان یورو صورت اسکناس هزار تومان حواله هزار تومان قیمت‌گذاری قیمت دلار یورو تیرماه نرخ رس یورو افزایش پوند کاهش یافتبانک مرکزی امروز شنبه نرخ رس ارز اعلام اساس نرخ ارز افزایش نرخ ارز کاهش نرخ باقی ارز ثابت ماند بانک مرکزی امروز یکشنبه نرخ پوند هزار ریال یورو هزار ریال اعلام اساس نرخ رس یورو لیر ترکیه یوان چین افزایش نرخ پوند انگلیس یکصد ژاپن دلار کانادا دلار استرالیا افغانی افغانستان کاهش نرخ رس درهم امارات متحده عرب یکصد دینار عراق ثابت باقی ماند نفر بود ارسال,نرخ اسکناس و حواله دلار و درهم در معاملات امروز مرکز مبادله ارز و طلای ایران همچنان ثابت ماند در حالی که قیمت یورو دوباره افزایشی شد.,"['نرخ', 'هزار', 'تومان', 'ارز', 'یورو']","['نرخ', 'هزار', 'تومان', 'ارز', 'یورو']"
82,123,167,https://www.tgju.org/news/2638100/%D9%82%DB%8C%D9%85%D8%AA-%D8%AE%D9%88%D8%AF%D8%B1%D9%88%D9%87%D8%A7%DB%8C-%D8%AF%D8%B3%D8%AA-%D8%AF%D9%88%D9%85-%D8%A8%DB%8C%D8%B4%D8%AA%D8%B1%DB%8C%D9%86-%DA%A9%D8%A7%D9%87%D8%B4-%D8%B1%D8%A7-%D8%A7%D8%B2-%D8%B2%D9%85%D8%A7%D9%86-%D8%B4%D8%B1%D9%88%D8%B9-%DA%A9%D8%B1%D9%88%D9%86%D8%A7-%D8%AF%D8%A7%D8%B4%D8%AA%D9%87-%D8%A7%D8%B3%D8%AA,قیمت خودروهای دست دوم بیشترین کاهش را از زمان شروع کرونا داشته است,اخبار خودرو,یکشنبه 25 تیر 1402,[],گروه بین‌الملل قیمت خودرو کارکرده ایالات‌متحده ماه ژوئن درصد کاهش بزرگ کاهش ماهانه روز ابتدایی همه‌گیری معیار اصل کاهش تورم خبرخودرو افزایش نرخ بهره تخفیف خودرو تقاضا خودرو دست کاهش کاهش قیمت حراج فروشندگان خرید فروش خودرو متعلق قبل استفاده کاهش قیمت‌گذاری ضربه زند فروشندگان تقریبا موجود خودرو دست دو دلیل تعطیل کمبود عرضه همه‌گیری شدهاند تکمیل کردهاند قیمت خودرو دست محرک اصل تورم اصل بودهاست قیمت مواد غذا انرژی کاهش جاناتان اسموک اقتصاددان ارشد کاکس روز دوشنبه نشست رسانه رکود شد مصرف‌کننده معلق اسموک ریسک رکود بالاست احتمال وقوع فصل سال آینده بسته فدرال رزرو افزایش نرخ بهره چقدر انقباض دنبال مانهایم انتظار کاهش درصدی شاخص قیمت خودرو مستعمل ماه دسامبر کمتر پیش‌بینی قبل کاهش درصدی سال گذشتهاست,گروه بین الملل: قیمت خودروهای کارکرده در ایالات متحده در ماه ژوئن 4.2 درصد کاهش یافت که بزرگترین کاهش ماهانه آنها از روزهای ابتدایی همه گیری است، زیرا معیار اصلی کاهش تورم است.,"['کاهش', 'خودرو', 'قیمت', 'اصل', 'دست']","['کاهش', 'خودرو', 'قیمت', 'اصل', 'دست']"
83,124,168,https://www.tgju.org/news/2638054/%D8%A8%D8%A7%D8%B2%DA%AF%D8%B4%D8%AA-%D8%A7%D9%85%DB%8C%D8%AF-%D8%A8%D9%87-%D8%A8%D8%A7%D8%B2%D8%A7%D8%B1-%D8%B7%D9%84%D8%A7,بازگشت امید به بازار طلا!,اخبار طلا و سکه,یکشنبه 25 تیر 1402,[],گزارش اقتصادنیوز امید روز مجدداد بازار طلا بازگشته قیمت هفته فرصتی بالا رفتن تحلیلگر وال‌استریت سرمایه گذار خرده‌فروشی انتظار شاهد جهش دانیل پاویلونیس استراتژیست ارشد بازار تاکید اگرچه داده ضعیفتورمهمچنان ازقیمت طلاحمایت دلایل سرمایه گذار سطوح محتاط سرمایه گذار انتظارند فدرال رزرو اعلام آماده توقفافزایش نرخ بهرهاست خیر پاویلونیس ادامه تصریح فدرال رزرو افزایشنرخ بهرهتمام شدهاست طلا راح توانست تحلیلگر طلا خوش‌بین شاخص دلارآمریکانیز ایام بد دوره ماه نوامبر کنون قرار هفته تحلیلگر وال‌استریت نظرسنجی شرکت شرکت‌کنندگان تساوی تحلیلگر معادل درصد افزایش قیمت‌ها کاهش قیمت‌ها هفته راپیش‌بینی تحلیلگر معادل درصد بازار نوسان دید نظرسنجی خرده فرو نفر شرکت کرد نفر معادل درصد بازار طلا افزایشی نفر درصدآن کاه درصد کم‌نوسان ارزیاب کرد بخوانیدبازارهای جهانی انتظار روزرسانی آمار اقتصاد چین بازار چشم‌انتظار تصمیمات بانک مرکزی اقتصاد بزرگبازارهای جهانی انتظار آمار چهارشنبهاحتمال توقف افزایشی نرخ بهره آمریکا,اقتصادنیوز: بر اساس تازه‌ترین نظرسنجی هفتگی طلای کیتکو نیوز، پس از هفته‌ها بازیگران خرد بازار طلا نسبت به این بازار در روزهای آتی دید مثبتی پیدا کردند.,"['بازار', 'تحلیلگر', 'طلا', 'درصد', 'هفته']","['بازار', 'تحلیلگر', 'طلا', 'درصد', 'هفته']"
84,125,169,https://www.tgju.org/news/2638173/%DA%A9%D8%A7%D9%87%D8%B4-%DA%86%D8%B4%D9%85%DA%AF%DB%8C%D8%B1-%D9%82%DB%8C%D9%85%D8%AA-%D8%B7%D9%84%D8%A7-%D9%88-%D8%B3%DA%A9%D9%87-%D8%AF%D8%B1-%D8%A7%DB%8C%D8%B1%D8%A7%D9%86,کاهش چشمگیر قیمت طلا و سکه در ایران,اخبار طلا و سکه,یکشنبه 25 تیر 1402,[],رئیس اتحادیه طلا جواهر تهران مصاحبه سایت طلا معاملات امروز قیمت اونس جهانی دلیل تعطیل بازار جهانی دلار ثابت ماند بازار ایران قیمت طلا سکه کاه ادامه بذرافشان خاطر نشان ساخت کاهش نرخ ارز تقاضا قیمت طلا سکه ایران کاه مردم توانست توجه کاهش چشمگیر قیمت طلا سکه زمانی تصمیم خرید اقدام رییس اتحادیه طلا جواهر تهران حباب سکه هزار تومان کاهش میلیون تومان اعلام رئیس اتحادیه طلا جواهر تهران بازار ایران امروز قیمت سکه طرح هزار تومان کاهش قیمت سکه طرح قدیم هزار تومان افزایش قیمت نیم‌سکه هزار تومان کاهش ربع سکه هزار تومان کاهش سکه گر بانک مرکزی هزار تومان کاهش گرم طلا عیار هزار تومان کاهش روز گذشته ستد قیمت اعلام‌شده گرم طلا عیار مرکز مبادله ارز طلا ایران میلیون هزار تومان قیمت طلا سکه تیرماه بازار ایران شرح جدول تومان سکه بهار آزاد طرح سکه بهار ازادی طرح قدیم سکه نیم بهار آزاد سکه ربع بهار آزاد سکه گر گرم طلا عیار اونس جهانی قیمت طلا سکه تیرماه نفر بود ارسال,رئیس اتحادیه طلا و جواهر تهران گفت:در معاملات امروز کاهش نرخ ارز و نبود تقاضا باعث شد قیمت طلا و سکه به روند کاهشی خود ادامه دهد.,"['سکه', 'طلا', 'قیمت', 'تومان', 'کاهش']","['سکه', 'طلا', 'قیمت', 'تومان', 'کاهش']"
85,129,173,https://www.tgju.org/news/2637414/%DB%8C%D9%88%D8%B1%D9%88-%D8%AF%D9%84%D8%A7%D8%B1-%D8%AF%D8%B1-%D8%A2%D8%B3%D8%AA%D8%A7%D9%86%D9%87-%D8%A7%D8%B5%D9%84%D8%A7%D8%AD-%D9%86%D8%B2%D9%88%D9%84%DB%8C,یورو/دلار در آستانه اصلاح نزولی,اخبار ارزی,چهارشنبه 21 تیر 1402,"['یورو', 'دلار', 'دلار آمریکا', 'یورو/دلار', 'جفت\u200cارز', 'مسیر صعودی', 'شاخص قیمت مصرف\u200cکننده', 'بازار کار', 'آمار تورم', 'رگرسیون صعودی', 'شاخص قدرت نسبی', 'اخبار ویژه', 'تحلیل بنیادین']",شبکه اطلاع‌رسانی طلا ارز اف‌ایکس استریت یورو دلار محدوده مثبت بالا معامله گفتن داده شاخص قیمت مصرف‌کننده ماه ژوئن ایالات‌متحده دلیل تأثیر بالقوه چشم‌انداز نرخ فدرال رزرو دقت بررسی قرار خواهندگرفت چشم‌انداز تکنیکال یورو دلاربا نگاه نوساناتجفت‌ارزها یورو دلار اوایل ماه ژوئن محدوده بالا کانال رگرسیون صعود معامله شاخص قدرت نسبی نمودار ساعته ماند حکایت علاقه فروش چنانچه جفت دنبال انتشار داده ایالات‌متحده اصلاح نزول انجام سطح سطوح عنوان حمایت عمل مسیر صعود سطح عنوان مقاومت سطح همسو گفتن جفت‌ارز ساعات اولیه معاملاتی اروپا روز سه‌شنبه دنبال اصلاح نزول کوتاه‌مدت شتاب صعود محدوده مثبت بستهشد ادامه یورو دلار جلسه آسیایی روز چهارشنبه بالا اندک عقب‌نشینی بالا سطح ماه گذشته ریسک‌پذیر بازار کار روز سه‌شنبه غلبه فشار فروش برایدلار آمریکا دشوار روز چهارشنبه معاملات آتی شاخص سهام ایالات‌متحده سطح ثابت قرار دلار آمریکا مجال رقبا انعطاف‌پذیر ماند ادامه روز اداره کار ایالات‌متحده آمار تورم ماه ژوئن منتشر خواهدکرد سرمایه‌گذار شاخص قیمت مصرف‌کننده ضعیف پیش‌بینی کردهباشند گمان تقویت کاهش چشمگیر شاخص دلار آمریکا اواخر هفته گذشت انتظار مقیاس سالانه درصد ماه درصد کاهش مطابق انتظارات اصل قیمت‌های بی‌ثبات مواد غذا انرژی حذف درصد صورت ماهانه افزایش صور تورم اصل سرعتی قو ژوئن پیش‌بینی افزایش فضا جهش دلار فراهم طبعأ یورو دلار آمریکا تاثیر گذاشت چاپ ماهانه اصل واکنش فوری کاهش دلار,یورو/دلار آمریکا امروز در محدوده‌ی مثبت معامله شد؛ تحلیلگران بر این باورند که این جفت‌ارز پس از انتشار داده‌های ایالات متحده، اصلاح نزولی انجام می‌دهند.,"['یورو', 'دلار', 'دلار آمریکا', 'یورو/دلار', 'جفت\u200cارز', 'مسیر صعودی', 'شاخص قیمت مصرف\u200cکننده', 'بازار کار', 'آمار تورم', 'رگرسیون صعودی', 'شاخص قدرت نسبی', 'اخبار ویژه', 'تحلیل بنیادین']","['دلار', 'یورو', 'شاخص', 'ماه', 'سطح']"
86,131,175,https://www.tgju.org/news/2636896/1-29,طلا در تلاش برای حصول کشش صعودی,اخبار طلا و سکه,دوشنبه 19 تیر 1402,"['بهای طلا', 'دلار آمریکا', 'بازارهای سهام', 'نرخ بیکاری', 'نرخ بهره', 'داده\u200cهای اقتصادی', 'سیاست پولی', 'بازار کار', 'ارقام تورم', 'اخبار ویژه', 'تحلیل بنیادین']",شبکه اطلاع‌رسانی طلا ارز اف‌ایکس استریت قیمتطلادر روز هفته دست آوردن کشش معنی‌دار تلاش اوایل جلسه اروپا حرکات الاکلنگ سود خفیف زیان‌های جزئی ادامه طلا حاضر محدوده دلار معامله تأثیر ترکیب نیرو واگرا قرار حاکی تغییرات روز محیط متداول گریز ریسک همانطور لحن ضعیف بازار سهام اشاره نفع دارا سن امن خودی قیمت طلا حمایت مجموعه داده اقتصاد ضعیف چین هفته گذشته منتشر جمله ارقام پایین تورم روز دوشنبه نگرانی‌ها پیرامون کند‌شدن دومین اقتصاد جهان برانگیخت داده حاکی شاخص قیمت تولیدکننده چین ماه ژوئن سریع شتاب هفت سال نیم گذشته کاهش شاخص تورم مصرف‌کننده پایین سطح سال باقی ماند جدا رویداد ژئوپلیتیک بازار مالی تأثیر گذاشت درگیری ایالات‌متحده چین عنوان اقتصاد جهان احساسات سرمایه‌گذار تحت‌الشعاع قرار گذشته افزایش تقاضایدلار آمریکا عنوان باد مخالف قیمت طلا گرفتهمی‌شود این گزارش‌های سرفصل حقوق دستمزد غیرکشاورزی ایالات‌متحده کاهش غیرمنتظره نرخ بیکاری مداوم دستمزد نشان‌دهنده شرایط فعلی بازار کار نوبه نه‌تنها احتمال افزایش واحد نرخ توسط فدرال رزرو ژوئیه تأیید اوراق قرضه ساله دولت ایالات‌متحده حساس نرخ بهره اجازه کاهش بالا میزان ژوئن افزون بازده معیار خزانه‌دار ایالات‌متحده سطح درصد ثابت باقی ماند احیا تقاضای دلار افزایش کالا دلار محدود روز دوشنبه داده اقتصاد مرتبط بازار ایالات‌متحده چندان دسترس احتیاط معاملات نقش برجسته افزون معامله‌گر ترجیح ارقام تورم مصرف‌کننده ایالات‌متحده روز چهارشنبه منتشر حاشیه منتظر ماند گزارش کلیدی ایالات‌متحده چشم‌انداز سیاست کوتاه‌مدت فدرال رزرو تاثیر قرار نوبه نق کلیدی افزایش تقاضای دلار ایجاد انگیزه معنادار طلا ایفا خواهدکرد,پیرو انتشار داده‌های اقتصادی که به رشد اقتصادی ضعیف در چین اشاره داشت، طلا امروز در تلاش برای حرکت در مسیر صعودی است.,"['بهای طلا', 'دلار آمریکا', 'بازارهای سهام', 'نرخ بیکاری', 'نرخ بهره', 'داده\u200cهای اقتصادی', 'سیاست پولی', 'بازار کار', 'ارقام تورم', 'اخبار ویژه', 'تحلیل بنیادین']","['ایالات\u200cمتحده', 'طلا', 'روز', 'دلار', 'بازار']"
87,135,177,https://www.tgju.org/news/2636791/%D8%A2%D9%87%D9%86%DA%AF-%D8%B4%D8%B1%D9%88%D8%B9-%D9%87%D9%81%D8%AA%D9%87-%D8%B7%D9%84%D8%A7-%D9%85%D9%84%D8%A7%DB%8C%D9%85,آهنگ شروع هفته طلا، ملایم,اخبار طلا و سکه,دوشنبه 19 تیر 1402,"['بهای طلا', 'معاملات آسیایی', 'دلار آمریکا', 'افزایش نرخ بهره', 'نرخ بهره', 'بازار کار', 'تقاضا', 'رکود اقتصادی', 'فلز زرد امن', 'ارقام تورم', 'نرخ بیکاری', 'اخبار ویژه', 'تحلیل بنیادین', 'خبر یک']",شبکه اطلاع‌رسانی طلا ارز اف‌ایکس استریت طلاهفته‌ی آهنگ ملایم آغاز معاملات آسیایی باند معاملاتی باریک محدوده دلار نوسان گفتن طلا بازه شناخته‌شده محدود هفته گذشته حضور داشتهاست دلیل محدودیت قرار معلوم معامله‌گر بحبوحه اطمینان مسیر افزایش نرخ بهره فدرال رزرو آینده تمایل انجام شرط‌بندی‌های جهت‌دار رونق مجدد تقاضای دلار آمریکا قیمت طلا تاثیر می‌گذاردبا نگاه آمار داده دریافت مستمر دستمزد کاهش جزئی نرخ بیکاری شرایط سخت بازار کار ایالات‌متحده اشاره داده گواه ضمانت فدرال رزرو سیاستی آتی ژوئیه سناریوی افزایش نرخ بهره خواهدگرفت حمایت افزایش بازده اوراق خزانه‌دار ایالات‌متحده ادامه راستا اوراق قرضه ساله دول ایالات‌متحده حساس نرخ بالا ژوئن قرار بازده خزانه‌دار ایالات‌متحده سطح بالا آستانه درصد ثابت ماندهاست گامی جهت رونق دوباره تقاضایدلار آمریکا برمی‌دارد نقش باد مخالف بهای طلا ایفاء کاهش احتمالات افزایش نرخ طلا حمایت می‌کندگزارش حقوق دستمزد غیرکشاورزی دقت گرفتهشد نشان اقتصاد ایالات‌متحده هزار شغل ماه ژوئن ایجاد کمترین میزان سال بودهاست وضوح بازار کار سرد‌شدن فدرال رزرو مجاب موضع جنگ‌طلبانه مانع شرط‌بندی گاو دلار آمریکا عوض حامی بهای طلاست کناره‌گیری جدا نگرانی‌ها رکود اقتصاد جهانی لااقل حاضر جلو تداوم افت معنی‌دار فلز گرانبهای امن گرفت معامله‌گر انتشار ارقام تورم مصرف‌کننده ایالات‌متحده موضع محتاطانه ترجیح تمرکز ارقام تورم مصرف‌کننده ایالات‌متحده استگزارش کلیدی شاخص قیمت مصرف کننده ایالات‌متحده بی‌شک چشم‌انداز سیاست کوتاه‌مدت فدرال رزرو تأثیر گذاشت قرار روز چهارشنبه منتشر انتظار ماه ژوئن کاهش تصویر کشید داده نوبه نق کلیدی افزایش تقاضای دلار ایجاد انگیزه جهت‌گیری بهای طلا خواهدداشت سخنرانیمایکل رئیس فدرال رزرو روز دوشنبه کانون توجه معامله‌گر خواهدبود غیاب هرگونه انتشار اقتصاد مرتبط بازار ایالات‌متحده دنبال دریافت سرنخ استفاده فرصت‌های کوتاه‌مدت خواهندبود,در بحبوحه‌ی عدم اطمینان معامله‌گران در مورد سیاستگذاری آتی فدرال رزرو، طلا در محدوده‌ی محدودی قرار گرفت.,"['بهای طلا', 'معاملات آسیایی', 'دلار آمریکا', 'افزایش نرخ بهره', 'نرخ بهره', 'بازار کار', 'تقاضا', 'رکود اقتصادی', 'فلز زرد امن', 'ارقام تورم', 'نرخ بیکاری', 'اخبار ویژه', 'تحلیل بنیادین', 'خبر یک']","['ایالات\u200cمتحده', 'طلا', 'افزایش', 'نرخ', 'فدرال']"
88,137,179,https://www.tgju.org/news/2636664/1-27,طلا پایدار در سطح 1900 دلاری,اخبار طلا و سکه,یکشنبه 18 تیر 1402,"['بهای طلا', 'دلار آمریکا', 'معاملات', 'وزارت کار', 'سیاست پولی', 'فدرال رزرو', 'میانگین متحرک نمایی', 'باندبولینگر', 'فیبوناچی اصلاحی', 'کف قیمت', 'سقف قیمت', 'اخبار ویژه', 'تحلیل بنیادین']",شبکه اطلاع‌رسانی طلا ارز اینوستینگ طلادر روز جمعه اواسط سطح دلار راستا قرارداد طلا ماه آگوست کامکس نیویورک معاملات رس سطح دلار سنت قرار دلار درصد روز افزایش سطح معامله نهایی دلار مقیاس هفتگی قرارداد آتی طلا معیار تقریبا ثابت دلار افزایش بالا قیمت روز جمعه دلار طلا اوت مقایسه پایین سطح ماهه هفته گذشته دلار قیمت نقد طلا منعکس‌کننده معاملات فیزیکی شمش معامله‌گر دقت معاملات آتی دنبال سطح دلار قرار گفتن سقف قیمت میانه روز دلار قیمت ماهه هفته گذشته دلار تضاد گذشته گزارش ضعیف انتظار مشاغل ایالات‌متحده ماه ژوئن رویکرد میانه‌روی فدرال رزرو سیاستگذاری‌های آتی برمی‌انگیزد گزارش وزارت کار حاکی کارفرما ایالات‌متحده ماه ژوئن شغل فهرست حقوق دستمزد غیرکشاورزی اضافه کریگ ارلامازاوآندا اشاره فشاربودن طلا پایدار سطح بالا دلار جبران زیان‌های قبل خبر چشم‌انداز بهای طلا نوسانات آندیکسیتازاسکای‌چارتینگزبر باور پذیرش طلا بالا باند بولینگر میانه‌روزی دلار دنبال میانگین متحرک نمایی هفته دلار مسیر صعود متحرک نمایی روزه دلار تسهیل حرکت فیبوناچی اصلاحی درصدی مقارن محدوده قیمت دلار سقف قیمت دلار اندازه‌گیری شدهاست دیکسیت خوشه مقاومت بعد روزه دلار باند بولینگر هفتگی دلار مشاهده ناکامی ایجاد شکست قاطع بالا منطقه شانس تصحیح نزول زنده نگه داشت نهایت منجر آزمایش مجدد ناحیه حمایت دلار واقع نقطه شتابی اصلاح عمیق هفته دلار عنوان هدف نزول اولیه گفته دیکسیت بسته‌شدن روزانه هفتگی بالا الی دلار سطح دلار عنوان هدف صعود فوری مقاومت کوتاه‌مدت محدوده دلار طلا بازه کوتاه‌مدت صعود خواهدکرد بسته‌شدن روزانه هفتگی محدوده دلار اصلاح طلا افزایش دلار برد,با انتشار گزارش ضعیف مشاغل ایالات متحده در ماه ژوئن، طلا در روز جمعه به سطح 1900 دلار نزدیک شد. تحلیلگران از پایداری فلز زرد در این سطح خبر دادند.,"['بهای طلا', 'دلار آمریکا', 'معاملات', 'وزارت کار', 'سیاست پولی', 'فدرال رزرو', 'میانگین متحرک نمایی', 'باندبولینگر', 'فیبوناچی اصلاحی', 'کف قیمت', 'سقف قیمت', 'اخبار ویژه', 'تحلیل بنیادین']","['دلار', 'طلا', 'سطح', 'قیمت', 'بالا']"
89,139,181,https://www.tgju.org/news/2636605/%D8%B7%D9%84%D8%A7-%D8%AF%D8%A7%D8%B1%D8%A7%DB%8C%DB%8C-%D9%87%D9%85%DB%8C%D8%B4%D9%87-%D8%AF%D8%B1-%D8%A7%D9%88%D8%AC,طلا، دارایی همیشه در اوج,اخبار طلا و سکه,یکشنبه 18 تیر 1402,"['افزایش بهای طلا', 'طلا', 'طلا و نقره', 'دلار آمریکا', 'دلارزدایی', 'سیاست پولی', 'نرخ بهره', 'افزایش نرخ بهره', 'رکود', 'خطرات رکود', 'اقتصاد جهانی', 'بریکس', 'اخبار ویژه', 'تحلیل بنیادین', 'خبر دو']",شبکه اطلاع‌رسانی طلا ارز کیتکونیوز باور تحلیلگر طلا علیرغم عملکرد ضعیف عنوان دارایی انعطاف‌پذیر شناخته‌شده گفتن شرایط گرایش‌های صعود خاص بازار مشاهده نشدهباشد نمی‌توان نقش فلز گرانبها نادیده بس مه پوشش بیایید موضوع غافل شد فلز گرانبها حمایت قیمت‌های بالاست هفته شاهد بود قیمت‌های طلا سطح حمایت بالا دلار اونس حفظ پایان هفته صدد سطح بالا مقاومت اولیه دلار اونس همه مسائل بازار دقت پیگیر تصمیم‌گیری‌های آتی سیاست‌های پول فدرال رزرو بازده اوراق درصد شرایط کنون تأثیر موضع تندروانه‌ی فدرال رزرو بدیهی بانک نگاه خنثی‌تری طلا نیمه سال بانک آمریکا بازار سرمایه میانگین بهایطلاونقره‌ی پایان سال کاهش داد بازده بالا اوراق قرضه تاثیر بردلار آمریکاداشته ارز ایالات‌متحده روز جمعه پایین سطح هفته پایان رساند طلا افزایش بازده بی‌تفاوت تحلیلگر پرسش مطرح طلا باد مخالف مقاومت فدرال رزرو آماده سیاست پول چرخه انقباض متوقف اتفاق افتاد شورا جهانی طلا هفته چشم‌انداز میانه سال منتشر تحلیلگر باورند شرایط فعلی طلا تعامل کمتری جهت نزول دستاورد جهت صعود ثبت انگیزه بالقوه موضوع اقتصاد جهانی شاهد توقف نرخ بهره متعاقب رکود بالقوه مسلم طلا نه‌تنها حمایت توجه همه عرصه برخوردار ظهور پتانسیل اقتصاد جهانی توجه جلب طلا عنوان دارایی ارزش پای ثابت پرتفویی بنا شبکه دول روز جمعه دولت روسیه تأیید کشور بریکس برزیل روسیه هند چین آفریقا جنوبی قصد ارز تجار جدید پشتوانه طلا معرف گفتن تحول متداومدلارزداییاست بانک مرکزی سرعتی بی‌سابقه وادار خرید طلا کردهاست انتظار رود موضوع اجلاس بریکس آفریقا جنوبی ماه آگوست رسمأ اعلام قاعدتأ حمایتگر صعود بلندمدت طلا تحلیلگر نحو خواهدبود تردید هم‌اکنون سوال مطرح جهان شاهد بازگشت متداول طلا خواهدبود فلز گرانبها مطابق نگاه بانک مرکزی سال گذشته وسیله ایجاد ارزش ثبات قدر مسلم منتظر اطلاعات جزئیات ارز ابداع بریکس بود دید ارز پتانسیل رقابت سلطه جهانی دلار آمریکا خیر گمانه‌زن حوزه انگیزه حرکت صعود طلا فراهم,در حالی که بازارها در انتظار تصمیم‌گیری آتی فدرال رزرو هستند، طلا در بالای سطح حمایت 1900 دلار باقی ماند.,"['افزایش بهای طلا', 'طلا', 'طلا و نقره', 'دلار آمریکا', 'دلارزدایی', 'سیاست پولی', 'نرخ بهره', 'افزایش نرخ بهره', 'رکود', 'خطرات رکود', 'اقتصاد جهانی', 'بریکس', 'اخبار ویژه', 'تحلیل بنیادین', 'خبر دو']","['طلا', 'ارز', 'تحلیلگر', 'صعود', 'هفته']"
